image_id,folder,label
./catdog/DOGS/dog_10_0.png,C,0
./catdog/DOGS/dog_10_1.png,C,0
./catdog/DOGS/dog_10_10.png,B,0
./catdog/DOGS/dog_10_11.png,B,0
./catdog/DOGS/dog_10_12.png,C,0
./catdog/DOGS/dog_10_13.png,A,0
./catdog/DOGS/dog_10_14.png,A,0
./catdog/DOGS/dog_10_15.png,B,0
./catdog/DOGS/dog_10_16.png,A,0
./catdog/DOGS/dog_10_17.png,B,0
./catdog/DOGS/dog_10_18.png,A,0
./catdog/DOGS/dog_10_19.png,B,0
./catdog/DOGS/dog_10_2.png,C,0
./catdog/DOGS/dog_10_20.png,B,0
./catdog/DOGS/dog_10_21.png,A,0
./catdog/DOGS/dog_10_22.png,B,0
./catdog/DOGS/dog_10_23.png,B,0
./catdog/DOGS/dog_10_24.png,C,0
./catdog/DOGS/dog_10_25.png,C,0
./catdog/DOGS/dog_10_26.png,A,0
./catdog/DOGS/dog_10_27.png,B,0
./catdog/DOGS/dog_10_28.png,C,0
./catdog/DOGS/dog_10_29.png,C,0
./catdog/DOGS/dog_10_3.png,C,0
./catdog/DOGS/dog_10_30.png,C,0
./catdog/DOGS/dog_10_31.png,C,0
./catdog/DOGS/dog_10_32.png,A,0
./catdog/DOGS/dog_10_33.png,C,0
./catdog/DOGS/dog_10_34.png,A,0
./catdog/DOGS/dog_10_35.png,B,0
./catdog/DOGS/dog_10_36.png,C,0
./catdog/DOGS/dog_10_37.png,B,0
./catdog/DOGS/dog_10_38.png,B,0
./catdog/DOGS/dog_10_39.png,A,0
./catdog/DOGS/dog_10_4.png,C,0
./catdog/DOGS/dog_10_40.png,A,0
./catdog/DOGS/dog_10_41.png,C,0
./catdog/DOGS/dog_10_42.png,C,0
./catdog/DOGS/dog_10_43.png,A,0
./catdog/DOGS/dog_10_44.png,C,0
./catdog/DOGS/dog_10_45.png,B,0
./catdog/DOGS/dog_10_46.png,A,0
./catdog/DOGS/dog_10_47.png,B,0
./catdog/DOGS/dog_10_48.png,A,0
./catdog/DOGS/dog_10_49.png,A,0
./catdog/DOGS/dog_10_5.png,A,0
./catdog/DOGS/dog_10_50.png,A,0
./catdog/DOGS/dog_10_51.png,B,0
./catdog/DOGS/dog_10_52.png,B,0
./catdog/DOGS/dog_10_53.png,A,0
./catdog/DOGS/dog_10_54.png,A,0
./catdog/DOGS/dog_10_55.png,C,0
./catdog/DOGS/dog_10_56.png,C,0
./catdog/DOGS/dog_10_57.png,A,0
./catdog/DOGS/dog_10_58.png,A,0
./catdog/DOGS/dog_10_59.png,B,0
./catdog/DOGS/dog_10_6.png,A,0
./catdog/DOGS/dog_10_60.png,C,0
./catdog/DOGS/dog_10_61.png,B,0
./catdog/DOGS/dog_10_62.png,B,0
./catdog/DOGS/dog_10_63.png,B,0
./catdog/DOGS/dog_10_64.png,B,0
./catdog/DOGS/dog_10_65.png,C,0
./catdog/DOGS/dog_10_66.png,B,0
./catdog/DOGS/dog_10_67.png,B,0
./catdog/DOGS/dog_10_68.png,C,0
./catdog/DOGS/dog_10_69.png,C,0
./catdog/DOGS/dog_10_7.png,B,0
./catdog/DOGS/dog_10_70.png,C,0
./catdog/DOGS/dog_10_71.png,A,0
./catdog/DOGS/dog_10_72.png,C,0
./catdog/DOGS/dog_10_73.png,C,0
./catdog/DOGS/dog_10_74.png,C,0
./catdog/DOGS/dog_10_75.png,A,0
./catdog/DOGS/dog_10_76.png,B,0
./catdog/DOGS/dog_10_77.png,B,0
./catdog/DOGS/dog_10_78.png,B,0
./catdog/DOGS/dog_10_79.png,A,0
./catdog/DOGS/dog_10_8.png,C,0
./catdog/DOGS/dog_10_80.png,B,0
./catdog/DOGS/dog_10_81.png,A,0
./catdog/DOGS/dog_10_82.png,A,0
./catdog/DOGS/dog_10_83.png,A,0
./catdog/DOGS/dog_10_84.png,B,0
./catdog/DOGS/dog_10_85.png,A,0
./catdog/DOGS/dog_10_86.png,B,0
./catdog/DOGS/dog_10_87.png,C,0
./catdog/DOGS/dog_10_88.png,B,0
./catdog/DOGS/dog_10_89.png,A,0
./catdog/DOGS/dog_10_9.png,C,0
./catdog/DOGS/dog_10_90.png,B,0
./catdog/DOGS/dog_10_91.png,C,0
./catdog/DOGS/dog_10_92.png,B,0
./catdog/DOGS/dog_10_93.png,B,0
./catdog/DOGS/dog_10_94.png,C,0
./catdog/DOGS/dog_10_95.png,B,0
./catdog/DOGS/dog_10_96.png,B,0
./catdog/DOGS/dog_10_97.png,A,0
./catdog/DOGS/dog_10_98.png,A,0
./catdog/DOGS/dog_10_99.png,C,0
./catdog/DOGS/dog_11_0.png,B,0
./catdog/DOGS/dog_11_1.png,C,0
./catdog/DOGS/dog_11_10.png,A,0
./catdog/DOGS/dog_11_11.png,C,0
./catdog/DOGS/dog_11_12.png,C,0
./catdog/DOGS/dog_11_13.png,A,0
./catdog/DOGS/dog_11_14.png,A,0
./catdog/DOGS/dog_11_15.png,C,0
./catdog/DOGS/dog_11_16.png,A,0
./catdog/DOGS/dog_11_17.png,C,0
./catdog/DOGS/dog_11_18.png,C,0
./catdog/DOGS/dog_11_19.png,A,0
./catdog/DOGS/dog_11_2.png,A,0
./catdog/DOGS/dog_11_20.png,A,0
./catdog/DOGS/dog_11_21.png,C,0
./catdog/DOGS/dog_11_22.png,B,0
./catdog/DOGS/dog_11_23.png,A,0
./catdog/DOGS/dog_11_24.png,B,0
./catdog/DOGS/dog_11_25.png,C,0
./catdog/DOGS/dog_11_26.png,C,0
./catdog/DOGS/dog_11_27.png,C,0
./catdog/DOGS/dog_11_28.png,B,0
./catdog/DOGS/dog_11_29.png,B,0
./catdog/DOGS/dog_11_3.png,A,0
./catdog/DOGS/dog_11_30.png,A,0
./catdog/DOGS/dog_11_31.png,B,0
./catdog/DOGS/dog_11_32.png,C,0
./catdog/DOGS/dog_11_33.png,B,0
./catdog/DOGS/dog_11_34.png,B,0
./catdog/DOGS/dog_11_35.png,C,0
./catdog/DOGS/dog_11_36.png,C,0
./catdog/DOGS/dog_11_37.png,C,0
./catdog/DOGS/dog_11_38.png,A,0
./catdog/DOGS/dog_11_39.png,A,0
./catdog/DOGS/dog_11_4.png,A,0
./catdog/DOGS/dog_11_40.png,C,0
./catdog/DOGS/dog_11_41.png,A,0
./catdog/DOGS/dog_11_42.png,A,0
./catdog/DOGS/dog_11_43.png,B,0
./catdog/DOGS/dog_11_44.png,B,0
./catdog/DOGS/dog_11_45.png,A,0
./catdog/DOGS/dog_11_46.png,A,0
./catdog/DOGS/dog_11_47.png,A,0
./catdog/DOGS/dog_11_48.png,B,0
./catdog/DOGS/dog_11_49.png,C,0
./catdog/DOGS/dog_11_5.png,C,0
./catdog/DOGS/dog_11_50.png,C,0
./catdog/DOGS/dog_11_51.png,B,0
./catdog/DOGS/dog_11_52.png,B,0
./catdog/DOGS/dog_11_53.png,B,0
./catdog/DOGS/dog_11_54.png,A,0
./catdog/DOGS/dog_11_55.png,C,0
./catdog/DOGS/dog_11_56.png,B,0
./catdog/DOGS/dog_11_57.png,C,0
./catdog/DOGS/dog_11_58.png,A,0
./catdog/DOGS/dog_11_59.png,A,0
./catdog/DOGS/dog_11_6.png,A,0
./catdog/DOGS/dog_11_60.png,C,0
./catdog/DOGS/dog_11_61.png,C,0
./catdog/DOGS/dog_11_62.png,A,0
./catdog/DOGS/dog_11_63.png,B,0
./catdog/DOGS/dog_11_64.png,C,0
./catdog/DOGS/dog_11_65.png,A,0
./catdog/DOGS/dog_11_66.png,A,0
./catdog/DOGS/dog_11_67.png,C,0
./catdog/DOGS/dog_11_68.png,A,0
./catdog/DOGS/dog_11_69.png,C,0
./catdog/DOGS/dog_11_7.png,B,0
./catdog/DOGS/dog_11_70.png,C,0
./catdog/DOGS/dog_11_71.png,A,0
./catdog/DOGS/dog_11_72.png,B,0
./catdog/DOGS/dog_11_73.png,C,0
./catdog/DOGS/dog_11_74.png,C,0
./catdog/DOGS/dog_11_75.png,B,0
./catdog/DOGS/dog_11_76.png,C,0
./catdog/DOGS/dog_11_77.png,B,0
./catdog/DOGS/dog_11_78.png,A,0
./catdog/DOGS/dog_11_79.png,C,0
./catdog/DOGS/dog_11_8.png,B,0
./catdog/DOGS/dog_11_80.png,A,0
./catdog/DOGS/dog_11_81.png,A,0
./catdog/DOGS/dog_11_82.png,B,0
./catdog/DOGS/dog_11_83.png,A,0
./catdog/DOGS/dog_11_84.png,A,0
./catdog/DOGS/dog_11_85.png,B,0
./catdog/DOGS/dog_11_86.png,C,0
./catdog/DOGS/dog_11_87.png,A,0
./catdog/DOGS/dog_11_88.png,C,0
./catdog/DOGS/dog_11_89.png,C,0
./catdog/DOGS/dog_11_9.png,A,0
./catdog/DOGS/dog_11_90.png,C,0
./catdog/DOGS/dog_11_91.png,B,0
./catdog/DOGS/dog_11_92.png,C,0
./catdog/DOGS/dog_11_93.png,B,0
./catdog/DOGS/dog_11_94.png,B,0
./catdog/DOGS/dog_11_95.png,B,0
./catdog/DOGS/dog_11_96.png,A,0
./catdog/DOGS/dog_11_97.png,B,0
./catdog/DOGS/dog_11_98.png,C,0
./catdog/DOGS/dog_11_99.png,B,0
./catdog/DOGS/dog_12_0.png,B,0
./catdog/DOGS/dog_12_1.png,B,0
./catdog/DOGS/dog_12_10.png,B,0
./catdog/DOGS/dog_12_11.png,C,0
./catdog/DOGS/dog_12_12.png,A,0
./catdog/DOGS/dog_12_13.png,B,0
./catdog/DOGS/dog_12_14.png,C,0
./catdog/DOGS/dog_12_15.png,B,0
./catdog/DOGS/dog_12_16.png,C,0
./catdog/DOGS/dog_12_17.png,A,0
./catdog/DOGS/dog_12_18.png,C,0
./catdog/DOGS/dog_12_19.png,A,0
./catdog/DOGS/dog_12_2.png,A,0
./catdog/DOGS/dog_12_20.png,C,0
./catdog/DOGS/dog_12_21.png,C,0
./catdog/DOGS/dog_12_22.png,A,0
./catdog/DOGS/dog_12_23.png,C,0
./catdog/DOGS/dog_12_24.png,C,0
./catdog/DOGS/dog_12_25.png,A,0
./catdog/DOGS/dog_12_26.png,B,0
./catdog/DOGS/dog_12_27.png,C,0
./catdog/DOGS/dog_12_28.png,C,0
./catdog/DOGS/dog_12_29.png,B,0
./catdog/DOGS/dog_12_3.png,B,0
./catdog/DOGS/dog_12_30.png,B,0
./catdog/DOGS/dog_12_31.png,B,0
./catdog/DOGS/dog_12_32.png,C,0
./catdog/DOGS/dog_12_33.png,A,0
./catdog/DOGS/dog_12_34.png,B,0
./catdog/DOGS/dog_12_35.png,A,0
./catdog/DOGS/dog_12_36.png,A,0
./catdog/DOGS/dog_12_37.png,C,0
./catdog/DOGS/dog_12_38.png,B,0
./catdog/DOGS/dog_12_39.png,A,0
./catdog/DOGS/dog_12_4.png,B,0
./catdog/DOGS/dog_12_40.png,C,0
./catdog/DOGS/dog_12_41.png,C,0
./catdog/DOGS/dog_12_42.png,A,0
./catdog/DOGS/dog_12_43.png,C,0
./catdog/DOGS/dog_12_44.png,B,0
./catdog/DOGS/dog_12_45.png,B,0
./catdog/DOGS/dog_12_46.png,B,0
./catdog/DOGS/dog_12_47.png,A,0
./catdog/DOGS/dog_12_48.png,C,0
./catdog/DOGS/dog_12_49.png,B,0
./catdog/DOGS/dog_12_5.png,A,0
./catdog/DOGS/dog_12_50.png,C,0
./catdog/DOGS/dog_12_51.png,C,0
./catdog/DOGS/dog_12_52.png,A,0
./catdog/DOGS/dog_12_53.png,B,0
./catdog/DOGS/dog_12_54.png,A,0
./catdog/DOGS/dog_12_55.png,A,0
./catdog/DOGS/dog_12_56.png,B,0
./catdog/DOGS/dog_12_57.png,C,0
./catdog/DOGS/dog_12_58.png,A,0
./catdog/DOGS/dog_12_59.png,C,0
./catdog/DOGS/dog_12_6.png,C,0
./catdog/DOGS/dog_12_60.png,C,0
./catdog/DOGS/dog_12_61.png,A,0
./catdog/DOGS/dog_12_62.png,C,0
./catdog/DOGS/dog_12_63.png,A,0
./catdog/DOGS/dog_12_64.png,C,0
./catdog/DOGS/dog_12_65.png,B,0
./catdog/DOGS/dog_12_66.png,B,0
./catdog/DOGS/dog_12_67.png,A,0
./catdog/DOGS/dog_12_68.png,B,0
./catdog/DOGS/dog_12_69.png,B,0
./catdog/DOGS/dog_12_7.png,C,0
./catdog/DOGS/dog_12_70.png,C,0
./catdog/DOGS/dog_12_71.png,B,0
./catdog/DOGS/dog_12_72.png,A,0
./catdog/DOGS/dog_12_73.png,B,0
./catdog/DOGS/dog_12_74.png,B,0
./catdog/DOGS/dog_12_75.png,C,0
./catdog/DOGS/dog_12_76.png,B,0
./catdog/DOGS/dog_12_77.png,B,0
./catdog/DOGS/dog_12_78.png,A,0
./catdog/DOGS/dog_12_79.png,A,0
./catdog/DOGS/dog_12_8.png,B,0
./catdog/DOGS/dog_12_80.png,A,0
./catdog/DOGS/dog_12_81.png,A,0
./catdog/DOGS/dog_12_82.png,A,0
./catdog/DOGS/dog_12_83.png,C,0
./catdog/DOGS/dog_12_84.png,A,0
./catdog/DOGS/dog_12_85.png,A,0
./catdog/DOGS/dog_12_86.png,B,0
./catdog/DOGS/dog_12_87.png,A,0
./catdog/DOGS/dog_12_88.png,A,0
./catdog/DOGS/dog_12_89.png,B,0
./catdog/DOGS/dog_12_9.png,B,0
./catdog/DOGS/dog_12_90.png,B,0
./catdog/DOGS/dog_12_91.png,B,0
./catdog/DOGS/dog_12_92.png,B,0
./catdog/DOGS/dog_12_93.png,C,0
./catdog/DOGS/dog_12_94.png,A,0
./catdog/DOGS/dog_12_95.png,C,0
./catdog/DOGS/dog_12_96.png,C,0
./catdog/DOGS/dog_12_97.png,A,0
./catdog/DOGS/dog_12_98.png,C,0
./catdog/DOGS/dog_12_99.png,B,0
./catdog/DOGS/dog_1_0.png,B,0
./catdog/DOGS/dog_1_1.png,A,0
./catdog/DOGS/dog_1_10.png,B,0
./catdog/DOGS/dog_1_11.png,B,0
./catdog/DOGS/dog_1_12.png,A,0
./catdog/DOGS/dog_1_13.png,B,0
./catdog/DOGS/dog_1_14.png,A,0
./catdog/DOGS/dog_1_15.png,A,0
./catdog/DOGS/dog_1_16.png,C,0
./catdog/DOGS/dog_1_17.png,C,0
./catdog/DOGS/dog_1_18.png,B,0
./catdog/DOGS/dog_1_19.png,C,0
./catdog/DOGS/dog_1_2.png,B,0
./catdog/DOGS/dog_1_20.png,A,0
./catdog/DOGS/dog_1_21.png,A,0
./catdog/DOGS/dog_1_22.png,A,0
./catdog/DOGS/dog_1_23.png,B,0
./catdog/DOGS/dog_1_24.png,C,0
./catdog/DOGS/dog_1_25.png,C,0
./catdog/DOGS/dog_1_26.png,B,0
./catdog/DOGS/dog_1_27.png,A,0
./catdog/DOGS/dog_1_28.png,C,0
./catdog/DOGS/dog_1_29.png,C,0
./catdog/DOGS/dog_1_3.png,A,0
./catdog/DOGS/dog_1_30.png,C,0
./catdog/DOGS/dog_1_31.png,C,0
./catdog/DOGS/dog_1_32.png,B,0
./catdog/DOGS/dog_1_33.png,A,0
./catdog/DOGS/dog_1_34.png,B,0
./catdog/DOGS/dog_1_35.png,B,0
./catdog/DOGS/dog_1_36.png,A,0
./catdog/DOGS/dog_1_37.png,B,0
./catdog/DOGS/dog_1_38.png,B,0
./catdog/DOGS/dog_1_39.png,C,0
./catdog/DOGS/dog_1_4.png,B,0
./catdog/DOGS/dog_1_40.png,C,0
./catdog/DOGS/dog_1_41.png,B,0
./catdog/DOGS/dog_1_42.png,C,0
./catdog/DOGS/dog_1_43.png,B,0
./catdog/DOGS/dog_1_44.png,B,0
./catdog/DOGS/dog_1_45.png,A,0
./catdog/DOGS/dog_1_46.png,C,0
./catdog/DOGS/dog_1_47.png,B,0
./catdog/DOGS/dog_1_48.png,C,0
./catdog/DOGS/dog_1_49.png,B,0
./catdog/DOGS/dog_1_5.png,A,0
./catdog/DOGS/dog_1_50.png,C,0
./catdog/DOGS/dog_1_51.png,A,0
./catdog/DOGS/dog_1_52.png,B,0
./catdog/DOGS/dog_1_53.png,C,0
./catdog/DOGS/dog_1_54.png,A,0
./catdog/DOGS/dog_1_55.png,C,0
./catdog/DOGS/dog_1_56.png,B,0
./catdog/DOGS/dog_1_57.png,C,0
./catdog/DOGS/dog_1_58.png,A,0
./catdog/DOGS/dog_1_59.png,A,0
./catdog/DOGS/dog_1_6.png,B,0
./catdog/DOGS/dog_1_60.png,A,0
./catdog/DOGS/dog_1_61.png,A,0
./catdog/DOGS/dog_1_62.png,A,0
./catdog/DOGS/dog_1_63.png,C,0
./catdog/DOGS/dog_1_64.png,A,0
./catdog/DOGS/dog_1_65.png,A,0
./catdog/DOGS/dog_1_66.png,B,0
./catdog/DOGS/dog_1_67.png,A,0
./catdog/DOGS/dog_1_68.png,B,0
./catdog/DOGS/dog_1_69.png,A,0
./catdog/DOGS/dog_1_7.png,C,0
./catdog/DOGS/dog_1_70.png,B,0
./catdog/DOGS/dog_1_71.png,B,0
./catdog/DOGS/dog_1_72.png,C,0
./catdog/DOGS/dog_1_73.png,B,0
./catdog/DOGS/dog_1_74.png,B,0
./catdog/DOGS/dog_1_75.png,A,0
./catdog/DOGS/dog_1_76.png,C,0
./catdog/DOGS/dog_1_77.png,C,0
./catdog/DOGS/dog_1_78.png,B,0
./catdog/DOGS/dog_1_79.png,C,0
./catdog/DOGS/dog_1_8.png,B,0
./catdog/DOGS/dog_1_80.png,A,0
./catdog/DOGS/dog_1_81.png,C,0
./catdog/DOGS/dog_1_82.png,B,0
./catdog/DOGS/dog_1_83.png,A,0
./catdog/DOGS/dog_1_84.png,B,0
./catdog/DOGS/dog_1_85.png,B,0
./catdog/DOGS/dog_1_86.png,A,0
./catdog/DOGS/dog_1_87.png,C,0
./catdog/DOGS/dog_1_88.png,A,0
./catdog/DOGS/dog_1_89.png,B,0
./catdog/DOGS/dog_1_9.png,C,0
./catdog/DOGS/dog_1_90.png,A,0
./catdog/DOGS/dog_1_91.png,C,0
./catdog/DOGS/dog_1_92.png,B,0
./catdog/DOGS/dog_1_93.png,C,0
./catdog/DOGS/dog_1_94.png,A,0
./catdog/DOGS/dog_1_95.png,A,0
./catdog/DOGS/dog_1_96.png,B,0
./catdog/DOGS/dog_1_97.png,B,0
./catdog/DOGS/dog_1_98.png,C,0
./catdog/DOGS/dog_1_99.png,C,0
./catdog/DOGS/dog_2_0.png,B,0
./catdog/DOGS/dog_2_1.png,B,0
./catdog/DOGS/dog_2_10.png,A,0
./catdog/DOGS/dog_2_11.png,B,0
./catdog/DOGS/dog_2_12.png,B,0
./catdog/DOGS/dog_2_13.png,C,0
./catdog/DOGS/dog_2_14.png,C,0
./catdog/DOGS/dog_2_15.png,A,0
./catdog/DOGS/dog_2_16.png,B,0
./catdog/DOGS/dog_2_17.png,B,0
./catdog/DOGS/dog_2_18.png,A,0
./catdog/DOGS/dog_2_19.png,C,0
./catdog/DOGS/dog_2_2.png,C,0
./catdog/DOGS/dog_2_20.png,A,0
./catdog/DOGS/dog_2_21.png,B,0
./catdog/DOGS/dog_2_22.png,C,0
./catdog/DOGS/dog_2_23.png,C,0
./catdog/DOGS/dog_2_24.png,A,0
./catdog/DOGS/dog_2_25.png,B,0
./catdog/DOGS/dog_2_26.png,A,0
./catdog/DOGS/dog_2_27.png,C,0
./catdog/DOGS/dog_2_28.png,A,0
./catdog/DOGS/dog_2_29.png,C,0
./catdog/DOGS/dog_2_3.png,B,0
./catdog/DOGS/dog_2_30.png,C,0
./catdog/DOGS/dog_2_31.png,C,0
./catdog/DOGS/dog_2_32.png,A,0
./catdog/DOGS/dog_2_33.png,B,0
./catdog/DOGS/dog_2_34.png,A,0
./catdog/DOGS/dog_2_35.png,A,0
./catdog/DOGS/dog_2_36.png,A,0
./catdog/DOGS/dog_2_37.png,C,0
./catdog/DOGS/dog_2_38.png,A,0
./catdog/DOGS/dog_2_39.png,A,0
./catdog/DOGS/dog_2_4.png,A,0
./catdog/DOGS/dog_2_40.png,B,0
./catdog/DOGS/dog_2_41.png,A,0
./catdog/DOGS/dog_2_42.png,A,0
./catdog/DOGS/dog_2_43.png,B,0
./catdog/DOGS/dog_2_44.png,C,0
./catdog/DOGS/dog_2_45.png,A,0
./catdog/DOGS/dog_2_46.png,A,0
./catdog/DOGS/dog_2_47.png,A,0
./catdog/DOGS/dog_2_48.png,A,0
./catdog/DOGS/dog_2_49.png,B,0
./catdog/DOGS/dog_2_5.png,A,0
./catdog/DOGS/dog_2_50.png,B,0
./catdog/DOGS/dog_2_51.png,B,0
./catdog/DOGS/dog_2_52.png,C,0
./catdog/DOGS/dog_2_53.png,C,0
./catdog/DOGS/dog_2_54.png,C,0
./catdog/DOGS/dog_2_55.png,A,0
./catdog/DOGS/dog_2_56.png,A,0
./catdog/DOGS/dog_2_57.png,A,0
./catdog/DOGS/dog_2_58.png,A,0
./catdog/DOGS/dog_2_59.png,C,0
./catdog/DOGS/dog_2_6.png,B,0
./catdog/DOGS/dog_2_60.png,C,0
./catdog/DOGS/dog_2_61.png,C,0
./catdog/DOGS/dog_2_62.png,B,0
./catdog/DOGS/dog_2_63.png,A,0
./catdog/DOGS/dog_2_64.png,A,0
./catdog/DOGS/dog_2_65.png,C,0
./catdog/DOGS/dog_2_66.png,A,0
./catdog/DOGS/dog_2_67.png,A,0
./catdog/DOGS/dog_2_68.png,A,0
./catdog/DOGS/dog_2_69.png,B,0
./catdog/DOGS/dog_2_7.png,C,0
./catdog/DOGS/dog_2_70.png,A,0
./catdog/DOGS/dog_2_71.png,B,0
./catdog/DOGS/dog_2_72.png,A,0
./catdog/DOGS/dog_2_73.png,C,0
./catdog/DOGS/dog_2_74.png,C,0
./catdog/DOGS/dog_2_75.png,A,0
./catdog/DOGS/dog_2_76.png,B,0
./catdog/DOGS/dog_2_77.png,A,0
./catdog/DOGS/dog_2_78.png,A,0
./catdog/DOGS/dog_2_79.png,B,0
./catdog/DOGS/dog_2_8.png,A,0
./catdog/DOGS/dog_2_80.png,A,0
./catdog/DOGS/dog_2_81.png,B,0
./catdog/DOGS/dog_2_82.png,B,0
./catdog/DOGS/dog_2_83.png,B,0
./catdog/DOGS/dog_2_84.png,B,0
./catdog/DOGS/dog_2_85.png,C,0
./catdog/DOGS/dog_2_86.png,B,0
./catdog/DOGS/dog_2_87.png,A,0
./catdog/DOGS/dog_2_88.png,C,0
./catdog/DOGS/dog_2_89.png,A,0
./catdog/DOGS/dog_2_9.png,B,0
./catdog/DOGS/dog_2_90.png,C,0
./catdog/DOGS/dog_2_91.png,B,0
./catdog/DOGS/dog_2_92.png,A,0
./catdog/DOGS/dog_2_93.png,A,0
./catdog/DOGS/dog_2_94.png,A,0
./catdog/DOGS/dog_2_95.png,A,0
./catdog/DOGS/dog_2_96.png,A,0
./catdog/DOGS/dog_2_97.png,A,0
./catdog/DOGS/dog_2_98.png,C,0
./catdog/DOGS/dog_2_99.png,A,0
./catdog/DOGS/dog_3_0.png,C,0
./catdog/DOGS/dog_3_1.png,A,0
./catdog/DOGS/dog_3_10.png,A,0
./catdog/DOGS/dog_3_11.png,A,0
./catdog/DOGS/dog_3_12.png,A,0
./catdog/DOGS/dog_3_13.png,A,0
./catdog/DOGS/dog_3_14.png,A,0
./catdog/DOGS/dog_3_15.png,B,0
./catdog/DOGS/dog_3_16.png,C,0
./catdog/DOGS/dog_3_17.png,A,0
./catdog/DOGS/dog_3_18.png,A,0
./catdog/DOGS/dog_3_19.png,B,0
./catdog/DOGS/dog_3_2.png,C,0
./catdog/DOGS/dog_3_20.png,B,0
./catdog/DOGS/dog_3_21.png,A,0
./catdog/DOGS/dog_3_22.png,A,0
./catdog/DOGS/dog_3_23.png,C,0
./catdog/DOGS/dog_3_24.png,B,0
./catdog/DOGS/dog_3_25.png,B,0
./catdog/DOGS/dog_3_26.png,A,0
./catdog/DOGS/dog_3_27.png,C,0
./catdog/DOGS/dog_3_28.png,C,0
./catdog/DOGS/dog_3_29.png,A,0
./catdog/DOGS/dog_3_3.png,B,0
./catdog/DOGS/dog_3_30.png,B,0
./catdog/DOGS/dog_3_31.png,B,0
./catdog/DOGS/dog_3_32.png,B,0
./catdog/DOGS/dog_3_33.png,B,0
./catdog/DOGS/dog_3_34.png,B,0
./catdog/DOGS/dog_3_35.png,B,0
./catdog/DOGS/dog_3_36.png,A,0
./catdog/DOGS/dog_3_37.png,C,0
./catdog/DOGS/dog_3_38.png,C,0
./catdog/DOGS/dog_3_39.png,A,0
./catdog/DOGS/dog_3_4.png,A,0
./catdog/DOGS/dog_3_40.png,B,0
./catdog/DOGS/dog_3_41.png,C,0
./catdog/DOGS/dog_3_42.png,C,0
./catdog/DOGS/dog_3_43.png,B,0
./catdog/DOGS/dog_3_44.png,C,0
./catdog/DOGS/dog_3_45.png,A,0
./catdog/DOGS/dog_3_46.png,A,0
./catdog/DOGS/dog_3_47.png,A,0
./catdog/DOGS/dog_3_48.png,A,0
./catdog/DOGS/dog_3_49.png,B,0
./catdog/DOGS/dog_3_5.png,B,0
./catdog/DOGS/dog_3_50.png,A,0
./catdog/DOGS/dog_3_51.png,A,0
./catdog/DOGS/dog_3_52.png,C,0
./catdog/DOGS/dog_3_53.png,C,0
./catdog/DOGS/dog_3_54.png,B,0
./catdog/DOGS/dog_3_55.png,C,0
./catdog/DOGS/dog_3_56.png,C,0
./catdog/DOGS/dog_3_57.png,B,0
./catdog/DOGS/dog_3_58.png,B,0
./catdog/DOGS/dog_3_59.png,C,0
./catdog/DOGS/dog_3_6.png,C,0
./catdog/DOGS/dog_3_60.png,A,0
./catdog/DOGS/dog_3_61.png,B,0
./catdog/DOGS/dog_3_62.png,B,0
./catdog/DOGS/dog_3_63.png,C,0
./catdog/DOGS/dog_3_64.png,A,0
./catdog/DOGS/dog_3_65.png,C,0
./catdog/DOGS/dog_3_66.png,C,0
./catdog/DOGS/dog_3_67.png,C,0
./catdog/DOGS/dog_3_68.png,C,0
./catdog/DOGS/dog_3_69.png,C,0
./catdog/DOGS/dog_3_7.png,B,0
./catdog/DOGS/dog_3_70.png,C,0
./catdog/DOGS/dog_3_71.png,C,0
./catdog/DOGS/dog_3_72.png,B,0
./catdog/DOGS/dog_3_73.png,C,0
./catdog/DOGS/dog_3_74.png,B,0
./catdog/DOGS/dog_3_75.png,B,0
./catdog/DOGS/dog_3_76.png,C,0
./catdog/DOGS/dog_3_77.png,C,0
./catdog/DOGS/dog_3_78.png,A,0
./catdog/DOGS/dog_3_79.png,B,0
./catdog/DOGS/dog_3_8.png,A,0
./catdog/DOGS/dog_3_80.png,C,0
./catdog/DOGS/dog_3_81.png,B,0
./catdog/DOGS/dog_3_82.png,A,0
./catdog/DOGS/dog_3_83.png,B,0
./catdog/DOGS/dog_3_84.png,A,0
./catdog/DOGS/dog_3_85.png,C,0
./catdog/DOGS/dog_3_86.png,B,0
./catdog/DOGS/dog_3_87.png,B,0
./catdog/DOGS/dog_3_88.png,C,0
./catdog/DOGS/dog_3_89.png,A,0
./catdog/DOGS/dog_3_9.png,A,0
./catdog/DOGS/dog_3_90.png,B,0
./catdog/DOGS/dog_3_91.png,A,0
./catdog/DOGS/dog_3_92.png,C,0
./catdog/DOGS/dog_3_93.png,B,0
./catdog/DOGS/dog_3_94.png,B,0
./catdog/DOGS/dog_3_95.png,B,0
./catdog/DOGS/dog_3_96.png,C,0
./catdog/DOGS/dog_3_97.png,B,0
./catdog/DOGS/dog_3_98.png,A,0
./catdog/DOGS/dog_3_99.png,C,0
./catdog/DOGS/dog_4_0.png,B,0
./catdog/DOGS/dog_4_1.png,B,0
./catdog/DOGS/dog_4_10.png,A,0
./catdog/DOGS/dog_4_11.png,C,0
./catdog/DOGS/dog_4_12.png,C,0
./catdog/DOGS/dog_4_13.png,B,0
./catdog/DOGS/dog_4_14.png,A,0
./catdog/DOGS/dog_4_15.png,C,0
./catdog/DOGS/dog_4_16.png,C,0
./catdog/DOGS/dog_4_17.png,B,0
./catdog/DOGS/dog_4_18.png,A,0
./catdog/DOGS/dog_4_19.png,B,0
./catdog/DOGS/dog_4_2.png,A,0
./catdog/DOGS/dog_4_20.png,B,0
./catdog/DOGS/dog_4_21.png,C,0
./catdog/DOGS/dog_4_22.png,B,0
./catdog/DOGS/dog_4_23.png,C,0
./catdog/DOGS/dog_4_24.png,A,0
./catdog/DOGS/dog_4_25.png,B,0
./catdog/DOGS/dog_4_26.png,C,0
./catdog/DOGS/dog_4_27.png,C,0
./catdog/DOGS/dog_4_28.png,C,0
./catdog/DOGS/dog_4_29.png,B,0
./catdog/DOGS/dog_4_3.png,B,0
./catdog/DOGS/dog_4_30.png,A,0
./catdog/DOGS/dog_4_31.png,B,0
./catdog/DOGS/dog_4_32.png,C,0
./catdog/DOGS/dog_4_33.png,C,0
./catdog/DOGS/dog_4_34.png,A,0
./catdog/DOGS/dog_4_35.png,A,0
./catdog/DOGS/dog_4_36.png,C,0
./catdog/DOGS/dog_4_37.png,C,0
./catdog/DOGS/dog_4_38.png,A,0
./catdog/DOGS/dog_4_39.png,C,0
./catdog/DOGS/dog_4_4.png,B,0
./catdog/DOGS/dog_4_40.png,C,0
./catdog/DOGS/dog_4_41.png,A,0
./catdog/DOGS/dog_4_42.png,B,0
./catdog/DOGS/dog_4_43.png,B,0
./catdog/DOGS/dog_4_44.png,C,0
./catdog/DOGS/dog_4_45.png,A,0
./catdog/DOGS/dog_4_46.png,C,0
./catdog/DOGS/dog_4_47.png,A,0
./catdog/DOGS/dog_4_48.png,C,0
./catdog/DOGS/dog_4_49.png,B,0
./catdog/DOGS/dog_4_5.png,C,0
./catdog/DOGS/dog_4_50.png,B,0
./catdog/DOGS/dog_4_51.png,A,0
./catdog/DOGS/dog_4_52.png,B,0
./catdog/DOGS/dog_4_53.png,B,0
./catdog/DOGS/dog_4_54.png,B,0
./catdog/DOGS/dog_4_55.png,C,0
./catdog/DOGS/dog_4_56.png,A,0
./catdog/DOGS/dog_4_57.png,C,0
./catdog/DOGS/dog_4_58.png,A,0
./catdog/DOGS/dog_4_59.png,B,0
./catdog/DOGS/dog_4_6.png,C,0
./catdog/DOGS/dog_4_60.png,A,0
./catdog/DOGS/dog_4_61.png,B,0
./catdog/DOGS/dog_4_62.png,C,0
./catdog/DOGS/dog_4_63.png,A,0
./catdog/DOGS/dog_4_64.png,B,0
./catdog/DOGS/dog_4_65.png,C,0
./catdog/DOGS/dog_4_66.png,B,0
./catdog/DOGS/dog_4_67.png,C,0
./catdog/DOGS/dog_4_68.png,B,0
./catdog/DOGS/dog_4_69.png,C,0
./catdog/DOGS/dog_4_7.png,C,0
./catdog/DOGS/dog_4_70.png,B,0
./catdog/DOGS/dog_4_71.png,A,0
./catdog/DOGS/dog_4_72.png,A,0
./catdog/DOGS/dog_4_73.png,A,0
./catdog/DOGS/dog_4_74.png,B,0
./catdog/DOGS/dog_4_75.png,B,0
./catdog/DOGS/dog_4_76.png,C,0
./catdog/DOGS/dog_4_77.png,B,0
./catdog/DOGS/dog_4_78.png,A,0
./catdog/DOGS/dog_4_79.png,C,0
./catdog/DOGS/dog_4_8.png,A,0
./catdog/DOGS/dog_4_80.png,A,0
./catdog/DOGS/dog_4_81.png,B,0
./catdog/DOGS/dog_4_82.png,C,0
./catdog/DOGS/dog_4_83.png,C,0
./catdog/DOGS/dog_4_84.png,B,0
./catdog/DOGS/dog_4_85.png,C,0
./catdog/DOGS/dog_4_86.png,B,0
./catdog/DOGS/dog_4_87.png,C,0
./catdog/DOGS/dog_4_88.png,A,0
./catdog/DOGS/dog_4_89.png,B,0
./catdog/DOGS/dog_4_9.png,A,0
./catdog/DOGS/dog_4_90.png,A,0
./catdog/DOGS/dog_4_91.png,C,0
./catdog/DOGS/dog_4_92.png,A,0
./catdog/DOGS/dog_4_93.png,C,0
./catdog/DOGS/dog_4_94.png,C,0
./catdog/DOGS/dog_4_95.png,B,0
./catdog/DOGS/dog_4_96.png,A,0
./catdog/DOGS/dog_4_97.png,B,0
./catdog/DOGS/dog_4_98.png,B,0
./catdog/DOGS/dog_4_99.png,A,0
./catdog/DOGS/dog_5_0.png,A,0
./catdog/DOGS/dog_5_1.png,C,0
./catdog/DOGS/dog_5_10.png,C,0
./catdog/DOGS/dog_5_11.png,B,0
./catdog/DOGS/dog_5_12.png,C,0
./catdog/DOGS/dog_5_13.png,B,0
./catdog/DOGS/dog_5_14.png,C,0
./catdog/DOGS/dog_5_15.png,B,0
./catdog/DOGS/dog_5_16.png,B,0
./catdog/DOGS/dog_5_17.png,C,0
./catdog/DOGS/dog_5_18.png,C,0
./catdog/DOGS/dog_5_19.png,C,0
./catdog/DOGS/dog_5_2.png,B,0
./catdog/DOGS/dog_5_20.png,A,0
./catdog/DOGS/dog_5_21.png,A,0
./catdog/DOGS/dog_5_22.png,B,0
./catdog/DOGS/dog_5_23.png,A,0
./catdog/DOGS/dog_5_24.png,B,0
./catdog/DOGS/dog_5_25.png,C,0
./catdog/DOGS/dog_5_26.png,A,0
./catdog/DOGS/dog_5_27.png,B,0
./catdog/DOGS/dog_5_28.png,A,0
./catdog/DOGS/dog_5_29.png,C,0
./catdog/DOGS/dog_5_3.png,B,0
./catdog/DOGS/dog_5_30.png,B,0
./catdog/DOGS/dog_5_31.png,B,0
./catdog/DOGS/dog_5_32.png,B,0
./catdog/DOGS/dog_5_33.png,B,0
./catdog/DOGS/dog_5_34.png,C,0
./catdog/DOGS/dog_5_35.png,C,0
./catdog/DOGS/dog_5_36.png,C,0
./catdog/DOGS/dog_5_37.png,C,0
./catdog/DOGS/dog_5_38.png,B,0
./catdog/DOGS/dog_5_39.png,B,0
./catdog/DOGS/dog_5_4.png,C,0
./catdog/DOGS/dog_5_40.png,B,0
./catdog/DOGS/dog_5_41.png,A,0
./catdog/DOGS/dog_5_42.png,B,0
./catdog/DOGS/dog_5_43.png,B,0
./catdog/DOGS/dog_5_44.png,C,0
./catdog/DOGS/dog_5_45.png,A,0
./catdog/DOGS/dog_5_46.png,A,0
./catdog/DOGS/dog_5_47.png,A,0
./catdog/DOGS/dog_5_48.png,B,0
./catdog/DOGS/dog_5_49.png,C,0
./catdog/DOGS/dog_5_5.png,B,0
./catdog/DOGS/dog_5_50.png,C,0
./catdog/DOGS/dog_5_51.png,A,0
./catdog/DOGS/dog_5_52.png,B,0
./catdog/DOGS/dog_5_53.png,B,0
./catdog/DOGS/dog_5_54.png,C,0
./catdog/DOGS/dog_5_55.png,B,0
./catdog/DOGS/dog_5_56.png,C,0
./catdog/DOGS/dog_5_57.png,C,0
./catdog/DOGS/dog_5_58.png,B,0
./catdog/DOGS/dog_5_59.png,C,0
./catdog/DOGS/dog_5_6.png,B,0
./catdog/DOGS/dog_5_60.png,C,0
./catdog/DOGS/dog_5_61.png,B,0
./catdog/DOGS/dog_5_62.png,A,0
./catdog/DOGS/dog_5_63.png,C,0
./catdog/DOGS/dog_5_64.png,A,0
./catdog/DOGS/dog_5_65.png,B,0
./catdog/DOGS/dog_5_66.png,B,0
./catdog/DOGS/dog_5_67.png,C,0
./catdog/DOGS/dog_5_68.png,B,0
./catdog/DOGS/dog_5_69.png,A,0
./catdog/DOGS/dog_5_7.png,B,0
./catdog/DOGS/dog_5_70.png,A,0
./catdog/DOGS/dog_5_71.png,B,0
./catdog/DOGS/dog_5_72.png,A,0
./catdog/DOGS/dog_5_73.png,B,0
./catdog/DOGS/dog_5_74.png,B,0
./catdog/DOGS/dog_5_75.png,C,0
./catdog/DOGS/dog_5_76.png,A,0
./catdog/DOGS/dog_5_77.png,A,0
./catdog/DOGS/dog_5_78.png,C,0
./catdog/DOGS/dog_5_79.png,C,0
./catdog/DOGS/dog_5_8.png,B,0
./catdog/DOGS/dog_5_80.png,C,0
./catdog/DOGS/dog_5_81.png,A,0
./catdog/DOGS/dog_5_82.png,A,0
./catdog/DOGS/dog_5_83.png,C,0
./catdog/DOGS/dog_5_84.png,A,0
./catdog/DOGS/dog_5_85.png,B,0
./catdog/DOGS/dog_5_86.png,B,0
./catdog/DOGS/dog_5_87.png,B,0
./catdog/DOGS/dog_5_88.png,B,0
./catdog/DOGS/dog_5_89.png,C,0
./catdog/DOGS/dog_5_9.png,A,0
./catdog/DOGS/dog_5_90.png,A,0
./catdog/DOGS/dog_5_91.png,B,0
./catdog/DOGS/dog_5_92.png,B,0
./catdog/DOGS/dog_5_93.png,C,0
./catdog/DOGS/dog_5_94.png,C,0
./catdog/DOGS/dog_5_95.png,B,0
./catdog/DOGS/dog_5_96.png,A,0
./catdog/DOGS/dog_5_97.png,B,0
./catdog/DOGS/dog_5_98.png,C,0
./catdog/DOGS/dog_5_99.png,A,0
./catdog/DOGS/dog_6_0.png,B,0
./catdog/DOGS/dog_6_1.png,B,0
./catdog/DOGS/dog_6_10.png,C,0
./catdog/DOGS/dog_6_11.png,B,0
./catdog/DOGS/dog_6_12.png,B,0
./catdog/DOGS/dog_6_13.png,A,0
./catdog/DOGS/dog_6_14.png,B,0
./catdog/DOGS/dog_6_15.png,A,0
./catdog/DOGS/dog_6_16.png,B,0
./catdog/DOGS/dog_6_17.png,A,0
./catdog/DOGS/dog_6_18.png,C,0
./catdog/DOGS/dog_6_19.png,A,0
./catdog/DOGS/dog_6_2.png,A,0
./catdog/DOGS/dog_6_20.png,A,0
./catdog/DOGS/dog_6_21.png,C,0
./catdog/DOGS/dog_6_22.png,B,0
./catdog/DOGS/dog_6_23.png,B,0
./catdog/DOGS/dog_6_24.png,C,0
./catdog/DOGS/dog_6_25.png,B,0
./catdog/DOGS/dog_6_26.png,C,0
./catdog/DOGS/dog_6_27.png,B,0
./catdog/DOGS/dog_6_28.png,C,0
./catdog/DOGS/dog_6_29.png,C,0
./catdog/DOGS/dog_6_3.png,C,0
./catdog/DOGS/dog_6_30.png,B,0
./catdog/DOGS/dog_6_31.png,A,0
./catdog/DOGS/dog_6_32.png,B,0
./catdog/DOGS/dog_6_33.png,B,0
./catdog/DOGS/dog_6_34.png,B,0
./catdog/DOGS/dog_6_35.png,A,0
./catdog/DOGS/dog_6_36.png,C,0
./catdog/DOGS/dog_6_37.png,A,0
./catdog/DOGS/dog_6_38.png,A,0
./catdog/DOGS/dog_6_39.png,C,0
./catdog/DOGS/dog_6_4.png,C,0
./catdog/DOGS/dog_6_40.png,B,0
./catdog/DOGS/dog_6_41.png,B,0
./catdog/DOGS/dog_6_42.png,C,0
./catdog/DOGS/dog_6_43.png,C,0
./catdog/DOGS/dog_6_44.png,A,0
./catdog/DOGS/dog_6_45.png,A,0
./catdog/DOGS/dog_6_46.png,B,0
./catdog/DOGS/dog_6_47.png,C,0
./catdog/DOGS/dog_6_48.png,A,0
./catdog/DOGS/dog_6_49.png,A,0
./catdog/DOGS/dog_6_5.png,B,0
./catdog/DOGS/dog_6_50.png,C,0
./catdog/DOGS/dog_6_51.png,A,0
./catdog/DOGS/dog_6_52.png,C,0
./catdog/DOGS/dog_6_53.png,B,0
./catdog/DOGS/dog_6_54.png,A,0
./catdog/DOGS/dog_6_55.png,B,0
./catdog/DOGS/dog_6_56.png,A,0
./catdog/DOGS/dog_6_57.png,B,0
./catdog/DOGS/dog_6_58.png,C,0
./catdog/DOGS/dog_6_59.png,A,0
./catdog/DOGS/dog_6_6.png,B,0
./catdog/DOGS/dog_6_60.png,B,0
./catdog/DOGS/dog_6_61.png,A,0
./catdog/DOGS/dog_6_62.png,B,0
./catdog/DOGS/dog_6_63.png,A,0
./catdog/DOGS/dog_6_64.png,C,0
./catdog/DOGS/dog_6_65.png,B,0
./catdog/DOGS/dog_6_66.png,C,0
./catdog/DOGS/dog_6_67.png,C,0
./catdog/DOGS/dog_6_68.png,A,0
./catdog/DOGS/dog_6_69.png,B,0
./catdog/DOGS/dog_6_7.png,C,0
./catdog/DOGS/dog_6_70.png,C,0
./catdog/DOGS/dog_6_71.png,B,0
./catdog/DOGS/dog_6_72.png,C,0
./catdog/DOGS/dog_6_73.png,C,0
./catdog/DOGS/dog_6_74.png,B,0
./catdog/DOGS/dog_6_75.png,C,0
./catdog/DOGS/dog_6_76.png,B,0
./catdog/DOGS/dog_6_77.png,B,0
./catdog/DOGS/dog_6_78.png,A,0
./catdog/DOGS/dog_6_79.png,A,0
./catdog/DOGS/dog_6_8.png,B,0
./catdog/DOGS/dog_6_80.png,B,0
./catdog/DOGS/dog_6_81.png,A,0
./catdog/DOGS/dog_6_82.png,C,0
./catdog/DOGS/dog_6_83.png,A,0
./catdog/DOGS/dog_6_84.png,B,0
./catdog/DOGS/dog_6_85.png,C,0
./catdog/DOGS/dog_6_86.png,C,0
./catdog/DOGS/dog_6_87.png,B,0
./catdog/DOGS/dog_6_88.png,B,0
./catdog/DOGS/dog_6_89.png,B,0
./catdog/DOGS/dog_6_9.png,B,0
./catdog/DOGS/dog_6_90.png,C,0
./catdog/DOGS/dog_6_91.png,A,0
./catdog/DOGS/dog_6_92.png,A,0
./catdog/DOGS/dog_6_93.png,C,0
./catdog/DOGS/dog_6_94.png,C,0
./catdog/DOGS/dog_6_95.png,C,0
./catdog/DOGS/dog_6_96.png,C,0
./catdog/DOGS/dog_6_97.png,C,0
./catdog/DOGS/dog_6_98.png,B,0
./catdog/DOGS/dog_6_99.png,B,0
./catdog/DOGS/dog_7_0.png,A,0
./catdog/DOGS/dog_7_1.png,A,0
./catdog/DOGS/dog_7_10.png,B,0
./catdog/DOGS/dog_7_11.png,A,0
./catdog/DOGS/dog_7_12.png,B,0
./catdog/DOGS/dog_7_13.png,B,0
./catdog/DOGS/dog_7_14.png,A,0
./catdog/DOGS/dog_7_15.png,C,0
./catdog/DOGS/dog_7_16.png,B,0
./catdog/DOGS/dog_7_17.png,C,0
./catdog/DOGS/dog_7_18.png,C,0
./catdog/DOGS/dog_7_19.png,A,0
./catdog/DOGS/dog_7_2.png,C,0
./catdog/DOGS/dog_7_20.png,A,0
./catdog/DOGS/dog_7_21.png,B,0
./catdog/DOGS/dog_7_22.png,A,0
./catdog/DOGS/dog_7_23.png,C,0
./catdog/DOGS/dog_7_24.png,B,0
./catdog/DOGS/dog_7_25.png,B,0
./catdog/DOGS/dog_7_26.png,A,0
./catdog/DOGS/dog_7_27.png,B,0
./catdog/DOGS/dog_7_28.png,B,0
./catdog/DOGS/dog_7_29.png,B,0
./catdog/DOGS/dog_7_3.png,A,0
./catdog/DOGS/dog_7_30.png,B,0
./catdog/DOGS/dog_7_31.png,A,0
./catdog/DOGS/dog_7_32.png,B,0
./catdog/DOGS/dog_7_33.png,A,0
./catdog/DOGS/dog_7_34.png,A,0
./catdog/DOGS/dog_7_35.png,A,0
./catdog/DOGS/dog_7_36.png,C,0
./catdog/DOGS/dog_7_37.png,A,0
./catdog/DOGS/dog_7_38.png,B,0
./catdog/DOGS/dog_7_39.png,C,0
./catdog/DOGS/dog_7_4.png,B,0
./catdog/DOGS/dog_7_40.png,B,0
./catdog/DOGS/dog_7_41.png,B,0
./catdog/DOGS/dog_7_42.png,B,0
./catdog/DOGS/dog_7_43.png,A,0
./catdog/DOGS/dog_7_44.png,B,0
./catdog/DOGS/dog_7_45.png,A,0
./catdog/DOGS/dog_7_46.png,A,0
./catdog/DOGS/dog_7_47.png,A,0
./catdog/DOGS/dog_7_48.png,B,0
./catdog/DOGS/dog_7_49.png,B,0
./catdog/DOGS/dog_7_5.png,B,0
./catdog/DOGS/dog_7_50.png,A,0
./catdog/DOGS/dog_7_51.png,C,0
./catdog/DOGS/dog_7_52.png,A,0
./catdog/DOGS/dog_7_53.png,C,0
./catdog/DOGS/dog_7_54.png,B,0
./catdog/DOGS/dog_7_55.png,A,0
./catdog/DOGS/dog_7_56.png,C,0
./catdog/DOGS/dog_7_57.png,B,0
./catdog/DOGS/dog_7_58.png,B,0
./catdog/DOGS/dog_7_59.png,C,0
./catdog/DOGS/dog_7_6.png,B,0
./catdog/DOGS/dog_7_60.png,B,0
./catdog/DOGS/dog_7_61.png,C,0
./catdog/DOGS/dog_7_62.png,C,0
./catdog/DOGS/dog_7_63.png,C,0
./catdog/DOGS/dog_7_64.png,B,0
./catdog/DOGS/dog_7_65.png,A,0
./catdog/DOGS/dog_7_66.png,C,0
./catdog/DOGS/dog_7_67.png,A,0
./catdog/DOGS/dog_7_68.png,C,0
./catdog/DOGS/dog_7_69.png,C,0
./catdog/DOGS/dog_7_7.png,B,0
./catdog/DOGS/dog_7_70.png,A,0
./catdog/DOGS/dog_7_71.png,A,0
./catdog/DOGS/dog_7_72.png,B,0
./catdog/DOGS/dog_7_73.png,A,0
./catdog/DOGS/dog_7_74.png,B,0
./catdog/DOGS/dog_7_75.png,A,0
./catdog/DOGS/dog_7_76.png,C,0
./catdog/DOGS/dog_7_77.png,A,0
./catdog/DOGS/dog_7_78.png,C,0
./catdog/DOGS/dog_7_79.png,A,0
./catdog/DOGS/dog_7_8.png,B,0
./catdog/DOGS/dog_7_80.png,B,0
./catdog/DOGS/dog_7_81.png,C,0
./catdog/DOGS/dog_7_82.png,A,0
./catdog/DOGS/dog_7_83.png,C,0
./catdog/DOGS/dog_7_84.png,A,0
./catdog/DOGS/dog_7_85.png,A,0
./catdog/DOGS/dog_7_86.png,A,0
./catdog/DOGS/dog_7_87.png,B,0
./catdog/DOGS/dog_7_88.png,A,0
./catdog/DOGS/dog_7_89.png,A,0
./catdog/DOGS/dog_7_9.png,B,0
./catdog/DOGS/dog_7_90.png,A,0
./catdog/DOGS/dog_7_91.png,C,0
./catdog/DOGS/dog_7_92.png,A,0
./catdog/DOGS/dog_7_93.png,A,0
./catdog/DOGS/dog_7_94.png,B,0
./catdog/DOGS/dog_7_95.png,C,0
./catdog/DOGS/dog_7_96.png,C,0
./catdog/DOGS/dog_7_97.png,A,0
./catdog/DOGS/dog_7_98.png,A,0
./catdog/DOGS/dog_7_99.png,A,0
./catdog/DOGS/dog_8_0.png,C,0
./catdog/DOGS/dog_8_1.png,A,0
./catdog/DOGS/dog_8_10.png,C,0
./catdog/DOGS/dog_8_11.png,A,0
./catdog/DOGS/dog_8_12.png,C,0
./catdog/DOGS/dog_8_13.png,B,0
./catdog/DOGS/dog_8_14.png,A,0
./catdog/DOGS/dog_8_15.png,A,0
./catdog/DOGS/dog_8_16.png,A,0
./catdog/DOGS/dog_8_17.png,A,0
./catdog/DOGS/dog_8_18.png,B,0
./catdog/DOGS/dog_8_19.png,C,0
./catdog/DOGS/dog_8_2.png,B,0
./catdog/DOGS/dog_8_20.png,A,0
./catdog/DOGS/dog_8_21.png,C,0
./catdog/DOGS/dog_8_22.png,A,0
./catdog/DOGS/dog_8_23.png,B,0
./catdog/DOGS/dog_8_24.png,B,0
./catdog/DOGS/dog_8_25.png,A,0
./catdog/DOGS/dog_8_26.png,A,0
./catdog/DOGS/dog_8_27.png,A,0
./catdog/DOGS/dog_8_28.png,B,0
./catdog/DOGS/dog_8_29.png,B,0
./catdog/DOGS/dog_8_3.png,C,0
./catdog/DOGS/dog_8_30.png,C,0
./catdog/DOGS/dog_8_31.png,A,0
./catdog/DOGS/dog_8_32.png,A,0
./catdog/DOGS/dog_8_33.png,C,0
./catdog/DOGS/dog_8_34.png,B,0
./catdog/DOGS/dog_8_35.png,A,0
./catdog/DOGS/dog_8_36.png,B,0
./catdog/DOGS/dog_8_37.png,C,0
./catdog/DOGS/dog_8_38.png,B,0
./catdog/DOGS/dog_8_39.png,A,0
./catdog/DOGS/dog_8_4.png,A,0
./catdog/DOGS/dog_8_40.png,C,0
./catdog/DOGS/dog_8_41.png,B,0
./catdog/DOGS/dog_8_42.png,A,0
./catdog/DOGS/dog_8_43.png,C,0
./catdog/DOGS/dog_8_44.png,C,0
./catdog/DOGS/dog_8_45.png,B,0
./catdog/DOGS/dog_8_46.png,C,0
./catdog/DOGS/dog_8_47.png,C,0
./catdog/DOGS/dog_8_48.png,A,0
./catdog/DOGS/dog_8_49.png,B,0
./catdog/DOGS/dog_8_5.png,C,0
./catdog/DOGS/dog_8_50.png,C,0
./catdog/DOGS/dog_8_51.png,C,0
./catdog/DOGS/dog_8_52.png,A,0
./catdog/DOGS/dog_8_53.png,B,0
./catdog/DOGS/dog_8_54.png,C,0
./catdog/DOGS/dog_8_55.png,A,0
./catdog/DOGS/dog_8_56.png,C,0
./catdog/DOGS/dog_8_57.png,B,0
./catdog/DOGS/dog_8_58.png,C,0
./catdog/DOGS/dog_8_59.png,C,0
./catdog/DOGS/dog_8_6.png,B,0
./catdog/DOGS/dog_8_60.png,C,0
./catdog/DOGS/dog_8_61.png,B,0
./catdog/DOGS/dog_8_62.png,C,0
./catdog/DOGS/dog_8_63.png,B,0
./catdog/DOGS/dog_8_64.png,A,0
./catdog/DOGS/dog_8_65.png,C,0
./catdog/DOGS/dog_8_66.png,B,0
./catdog/DOGS/dog_8_67.png,C,0
./catdog/DOGS/dog_8_68.png,A,0
./catdog/DOGS/dog_8_69.png,B,0
./catdog/DOGS/dog_8_7.png,C,0
./catdog/DOGS/dog_8_70.png,C,0
./catdog/DOGS/dog_8_71.png,C,0
./catdog/DOGS/dog_8_72.png,B,0
./catdog/DOGS/dog_8_73.png,B,0
./catdog/DOGS/dog_8_74.png,B,0
./catdog/DOGS/dog_8_75.png,C,0
./catdog/DOGS/dog_8_76.png,B,0
./catdog/DOGS/dog_8_77.png,C,0
./catdog/DOGS/dog_8_78.png,C,0
./catdog/DOGS/dog_8_79.png,B,0
./catdog/DOGS/dog_8_8.png,C,0
./catdog/DOGS/dog_8_80.png,A,0
./catdog/DOGS/dog_8_81.png,B,0
./catdog/DOGS/dog_8_82.png,A,0
./catdog/DOGS/dog_8_83.png,A,0
./catdog/DOGS/dog_8_84.png,A,0
./catdog/DOGS/dog_8_85.png,B,0
./catdog/DOGS/dog_8_86.png,B,0
./catdog/DOGS/dog_8_87.png,B,0
./catdog/DOGS/dog_8_88.png,B,0
./catdog/DOGS/dog_8_89.png,A,0
./catdog/DOGS/dog_8_9.png,A,0
./catdog/DOGS/dog_8_90.png,C,0
./catdog/DOGS/dog_8_91.png,B,0
./catdog/DOGS/dog_8_92.png,B,0
./catdog/DOGS/dog_8_93.png,C,0
./catdog/DOGS/dog_8_94.png,B,0
./catdog/DOGS/dog_8_95.png,B,0
./catdog/DOGS/dog_8_96.png,C,0
./catdog/DOGS/dog_8_97.png,A,0
./catdog/DOGS/dog_8_98.png,C,0
./catdog/DOGS/dog_8_99.png,C,0
./catdog/DOGS/dog_9_0.png,B,0
./catdog/DOGS/dog_9_1.png,C,0
./catdog/DOGS/dog_9_10.png,C,0
./catdog/DOGS/dog_9_11.png,A,0
./catdog/DOGS/dog_9_12.png,B,0
./catdog/DOGS/dog_9_13.png,C,0
./catdog/DOGS/dog_9_14.png,A,0
./catdog/DOGS/dog_9_15.png,B,0
./catdog/DOGS/dog_9_16.png,C,0
./catdog/DOGS/dog_9_17.png,C,0
./catdog/DOGS/dog_9_18.png,A,0
./catdog/DOGS/dog_9_19.png,A,0
./catdog/DOGS/dog_9_2.png,A,0
./catdog/DOGS/dog_9_20.png,A,0
./catdog/DOGS/dog_9_21.png,C,0
./catdog/DOGS/dog_9_22.png,B,0
./catdog/DOGS/dog_9_23.png,C,0
./catdog/DOGS/dog_9_24.png,C,0
./catdog/DOGS/dog_9_25.png,B,0
./catdog/DOGS/dog_9_26.png,A,0
./catdog/DOGS/dog_9_27.png,B,0
./catdog/DOGS/dog_9_28.png,C,0
./catdog/DOGS/dog_9_29.png,C,0
./catdog/DOGS/dog_9_3.png,B,0
./catdog/DOGS/dog_9_30.png,C,0
./catdog/DOGS/dog_9_31.png,A,0
./catdog/DOGS/dog_9_32.png,C,0
./catdog/DOGS/dog_9_33.png,A,0
./catdog/DOGS/dog_9_34.png,A,0
./catdog/DOGS/dog_9_35.png,B,0
./catdog/DOGS/dog_9_36.png,C,0
./catdog/DOGS/dog_9_37.png,C,0
./catdog/DOGS/dog_9_38.png,C,0
./catdog/DOGS/dog_9_39.png,B,0
./catdog/DOGS/dog_9_4.png,C,0
./catdog/DOGS/dog_9_40.png,B,0
./catdog/DOGS/dog_9_41.png,B,0
./catdog/DOGS/dog_9_42.png,A,0
./catdog/DOGS/dog_9_43.png,A,0
./catdog/DOGS/dog_9_44.png,A,0
./catdog/DOGS/dog_9_45.png,B,0
./catdog/DOGS/dog_9_46.png,C,0
./catdog/DOGS/dog_9_47.png,A,0
./catdog/DOGS/dog_9_48.png,C,0
./catdog/DOGS/dog_9_49.png,B,0
./catdog/DOGS/dog_9_5.png,A,0
./catdog/DOGS/dog_9_50.png,B,0
./catdog/DOGS/dog_9_51.png,C,0
./catdog/DOGS/dog_9_52.png,C,0
./catdog/DOGS/dog_9_53.png,A,0
./catdog/DOGS/dog_9_54.png,B,0
./catdog/DOGS/dog_9_55.png,C,0
./catdog/DOGS/dog_9_56.png,A,0
./catdog/DOGS/dog_9_57.png,C,0
./catdog/DOGS/dog_9_58.png,A,0
./catdog/DOGS/dog_9_59.png,A,0
./catdog/DOGS/dog_9_6.png,C,0
./catdog/DOGS/dog_9_60.png,A,0
./catdog/DOGS/dog_9_61.png,B,0
./catdog/DOGS/dog_9_62.png,A,0
./catdog/DOGS/dog_9_63.png,B,0
./catdog/DOGS/dog_9_64.png,A,0
./catdog/DOGS/dog_9_65.png,A,0
./catdog/DOGS/dog_9_66.png,B,0
./catdog/DOGS/dog_9_67.png,B,0
./catdog/DOGS/dog_9_68.png,B,0
./catdog/DOGS/dog_9_69.png,B,0
./catdog/DOGS/dog_9_7.png,B,0
./catdog/DOGS/dog_9_70.png,C,0
./catdog/DOGS/dog_9_71.png,C,0
./catdog/DOGS/dog_9_72.png,B,0
./catdog/DOGS/dog_9_73.png,C,0
./catdog/DOGS/dog_9_74.png,C,0
./catdog/DOGS/dog_9_75.png,C,0
./catdog/DOGS/dog_9_76.png,C,0
./catdog/DOGS/dog_9_77.png,B,0
./catdog/DOGS/dog_9_78.png,A,0
./catdog/DOGS/dog_9_79.png,C,0
./catdog/DOGS/dog_9_8.png,A,0
./catdog/DOGS/dog_9_80.png,B,0
./catdog/DOGS/dog_9_81.png,C,0
./catdog/DOGS/dog_9_82.png,C,0
./catdog/DOGS/dog_9_83.png,B,0
./catdog/DOGS/dog_9_84.png,A,0
./catdog/DOGS/dog_9_85.png,B,0
./catdog/DOGS/dog_9_86.png,A,0
./catdog/DOGS/dog_9_87.png,A,0
./catdog/DOGS/dog_9_88.png,B,0
./catdog/DOGS/dog_9_89.png,A,0
./catdog/DOGS/dog_9_9.png,B,0
./catdog/DOGS/dog_9_90.png,A,0
./catdog/DOGS/dog_9_91.png,A,0
./catdog/DOGS/dog_9_92.png,B,0
./catdog/DOGS/dog_9_93.png,B,0
./catdog/DOGS/dog_9_94.png,B,0
./catdog/DOGS/dog_9_95.png,A,0
./catdog/DOGS/dog_9_96.png,A,0
./catdog/DOGS/dog_9_97.png,C,0
./catdog/DOGS/dog_9_98.png,A,0
./catdog/DOGS/dog_9_99.png,B,0
./catdog/CATS/cat_10_0.png,B,1
./catdog/CATS/cat_10_1.png,C,1
./catdog/CATS/cat_10_10.png,B,1
./catdog/CATS/cat_10_11.png,C,1
./catdog/CATS/cat_10_12.png,A,1
./catdog/CATS/cat_10_13.png,B,1
./catdog/CATS/cat_10_14.png,C,1
./catdog/CATS/cat_10_15.png,B,1
./catdog/CATS/cat_10_16.png,B,1
./catdog/CATS/cat_10_17.png,C,1
./catdog/CATS/cat_10_18.png,C,1
./catdog/CATS/cat_10_19.png,C,1
./catdog/CATS/cat_10_2.png,B,1
./catdog/CATS/cat_10_20.png,C,1
./catdog/CATS/cat_10_21.png,C,1
./catdog/CATS/cat_10_22.png,B,1
./catdog/CATS/cat_10_23.png,C,1
./catdog/CATS/cat_10_24.png,A,1
./catdog/CATS/cat_10_25.png,C,1
./catdog/CATS/cat_10_26.png,A,1
./catdog/CATS/cat_10_27.png,C,1
./catdog/CATS/cat_10_28.png,A,1
./catdog/CATS/cat_10_29.png,A,1
./catdog/CATS/cat_10_3.png,A,1
./catdog/CATS/cat_10_30.png,C,1
./catdog/CATS/cat_10_31.png,C,1
./catdog/CATS/cat_10_32.png,B,1
./catdog/CATS/cat_10_33.png,B,1
./catdog/CATS/cat_10_34.png,A,1
./catdog/CATS/cat_10_35.png,A,1
./catdog/CATS/cat_10_36.png,A,1
./catdog/CATS/cat_10_37.png,C,1
./catdog/CATS/cat_10_38.png,A,1
./catdog/CATS/cat_10_39.png,A,1
./catdog/CATS/cat_10_4.png,B,1
./catdog/CATS/cat_10_40.png,B,1
./catdog/CATS/cat_10_41.png,C,1
./catdog/CATS/cat_10_42.png,A,1
./catdog/CATS/cat_10_43.png,B,1
./catdog/CATS/cat_10_44.png,C,1
./catdog/CATS/cat_10_45.png,C,1
./catdog/CATS/cat_10_46.png,A,1
./catdog/CATS/cat_10_47.png,B,1
./catdog/CATS/cat_10_48.png,C,1
./catdog/CATS/cat_10_49.png,B,1
./catdog/CATS/cat_10_5.png,B,1
./catdog/CATS/cat_10_50.png,A,1
./catdog/CATS/cat_10_51.png,A,1
./catdog/CATS/cat_10_52.png,C,1
./catdog/CATS/cat_10_53.png,A,1
./catdog/CATS/cat_10_54.png,A,1
./catdog/CATS/cat_10_55.png,C,1
./catdog/CATS/cat_10_56.png,A,1
./catdog/CATS/cat_10_57.png,A,1
./catdog/CATS/cat_10_58.png,C,1
./catdog/CATS/cat_10_59.png,B,1
./catdog/CATS/cat_10_6.png,A,1
./catdog/CATS/cat_10_60.png,B,1
./catdog/CATS/cat_10_61.png,C,1
./catdog/CATS/cat_10_62.png,A,1
./catdog/CATS/cat_10_63.png,C,1
./catdog/CATS/cat_10_64.png,B,1
./catdog/CATS/cat_10_65.png,A,1
./catdog/CATS/cat_10_66.png,A,1
./catdog/CATS/cat_10_67.png,C,1
./catdog/CATS/cat_10_68.png,B,1
./catdog/CATS/cat_10_69.png,C,1
./catdog/CATS/cat_10_7.png,B,1
./catdog/CATS/cat_10_70.png,A,1
./catdog/CATS/cat_10_71.png,B,1
./catdog/CATS/cat_10_72.png,A,1
./catdog/CATS/cat_10_73.png,C,1
./catdog/CATS/cat_10_74.png,B,1
./catdog/CATS/cat_10_75.png,C,1
./catdog/CATS/cat_10_76.png,B,1
./catdog/CATS/cat_10_77.png,C,1
./catdog/CATS/cat_10_78.png,B,1
./catdog/CATS/cat_10_79.png,A,1
./catdog/CATS/cat_10_8.png,C,1
./catdog/CATS/cat_10_80.png,A,1
./catdog/CATS/cat_10_81.png,A,1
./catdog/CATS/cat_10_82.png,A,1
./catdog/CATS/cat_10_83.png,A,1
./catdog/CATS/cat_10_84.png,A,1
./catdog/CATS/cat_10_85.png,A,1
./catdog/CATS/cat_10_86.png,C,1
./catdog/CATS/cat_10_87.png,C,1
./catdog/CATS/cat_10_88.png,A,1
./catdog/CATS/cat_10_89.png,B,1
./catdog/CATS/cat_10_9.png,C,1
./catdog/CATS/cat_10_90.png,C,1
./catdog/CATS/cat_10_91.png,B,1
./catdog/CATS/cat_10_92.png,C,1
./catdog/CATS/cat_10_93.png,B,1
./catdog/CATS/cat_10_94.png,B,1
./catdog/CATS/cat_10_95.png,C,1
./catdog/CATS/cat_10_96.png,C,1
./catdog/CATS/cat_10_97.png,C,1
./catdog/CATS/cat_10_98.png,C,1
./catdog/CATS/cat_10_99.png,C,1
./catdog/CATS/cat_11_0.png,A,1
./catdog/CATS/cat_11_1.png,A,1
./catdog/CATS/cat_11_10.png,B,1
./catdog/CATS/cat_11_11.png,A,1
./catdog/CATS/cat_11_12.png,C,1
./catdog/CATS/cat_11_13.png,C,1
./catdog/CATS/cat_11_14.png,A,1
./catdog/CATS/cat_11_15.png,C,1
./catdog/CATS/cat_11_16.png,B,1
./catdog/CATS/cat_11_17.png,C,1
./catdog/CATS/cat_11_18.png,A,1
./catdog/CATS/cat_11_19.png,C,1
./catdog/CATS/cat_11_2.png,A,1
./catdog/CATS/cat_11_20.png,A,1
./catdog/CATS/cat_11_21.png,B,1
./catdog/CATS/cat_11_22.png,B,1
./catdog/CATS/cat_11_23.png,A,1
./catdog/CATS/cat_11_24.png,B,1
./catdog/CATS/cat_11_25.png,A,1
./catdog/CATS/cat_11_26.png,C,1
./catdog/CATS/cat_11_27.png,A,1
./catdog/CATS/cat_11_28.png,C,1
./catdog/CATS/cat_11_29.png,B,1
./catdog/CATS/cat_11_3.png,C,1
./catdog/CATS/cat_11_30.png,B,1
./catdog/CATS/cat_11_31.png,A,1
./catdog/CATS/cat_11_32.png,C,1
./catdog/CATS/cat_11_33.png,A,1
./catdog/CATS/cat_11_34.png,C,1
./catdog/CATS/cat_11_35.png,C,1
./catdog/CATS/cat_11_36.png,C,1
./catdog/CATS/cat_11_37.png,B,1
./catdog/CATS/cat_11_38.png,C,1
./catdog/CATS/cat_11_39.png,A,1
./catdog/CATS/cat_11_4.png,A,1
./catdog/CATS/cat_11_40.png,A,1
./catdog/CATS/cat_11_41.png,A,1
./catdog/CATS/cat_11_42.png,B,1
./catdog/CATS/cat_11_43.png,B,1
./catdog/CATS/cat_11_44.png,B,1
./catdog/CATS/cat_11_45.png,B,1
./catdog/CATS/cat_11_46.png,A,1
./catdog/CATS/cat_11_47.png,B,1
./catdog/CATS/cat_11_48.png,C,1
./catdog/CATS/cat_11_49.png,A,1
./catdog/CATS/cat_11_5.png,C,1
./catdog/CATS/cat_11_50.png,A,1
./catdog/CATS/cat_11_51.png,C,1
./catdog/CATS/cat_11_52.png,C,1
./catdog/CATS/cat_11_53.png,C,1
./catdog/CATS/cat_11_54.png,B,1
./catdog/CATS/cat_11_55.png,A,1
./catdog/CATS/cat_11_56.png,A,1
./catdog/CATS/cat_11_57.png,C,1
./catdog/CATS/cat_11_58.png,C,1
./catdog/CATS/cat_11_59.png,C,1
./catdog/CATS/cat_11_6.png,A,1
./catdog/CATS/cat_11_60.png,B,1
./catdog/CATS/cat_11_61.png,A,1
./catdog/CATS/cat_11_62.png,A,1
./catdog/CATS/cat_11_63.png,C,1
./catdog/CATS/cat_11_64.png,C,1
./catdog/CATS/cat_11_65.png,A,1
./catdog/CATS/cat_11_66.png,B,1
./catdog/CATS/cat_11_67.png,A,1
./catdog/CATS/cat_11_68.png,C,1
./catdog/CATS/cat_11_69.png,C,1
./catdog/CATS/cat_11_7.png,A,1
./catdog/CATS/cat_11_70.png,A,1
./catdog/CATS/cat_11_71.png,A,1
./catdog/CATS/cat_11_72.png,A,1
./catdog/CATS/cat_11_73.png,C,1
./catdog/CATS/cat_11_74.png,A,1
./catdog/CATS/cat_11_75.png,C,1
./catdog/CATS/cat_11_76.png,C,1
./catdog/CATS/cat_11_77.png,B,1
./catdog/CATS/cat_11_78.png,A,1
./catdog/CATS/cat_11_79.png,A,1
./catdog/CATS/cat_11_8.png,A,1
./catdog/CATS/cat_11_80.png,C,1
./catdog/CATS/cat_11_81.png,A,1
./catdog/CATS/cat_11_82.png,A,1
./catdog/CATS/cat_11_83.png,B,1
./catdog/CATS/cat_11_84.png,B,1
./catdog/CATS/cat_11_85.png,B,1
./catdog/CATS/cat_11_86.png,C,1
./catdog/CATS/cat_11_87.png,C,1
./catdog/CATS/cat_11_88.png,B,1
./catdog/CATS/cat_11_89.png,A,1
./catdog/CATS/cat_11_9.png,A,1
./catdog/CATS/cat_11_90.png,A,1
./catdog/CATS/cat_11_91.png,C,1
./catdog/CATS/cat_11_92.png,A,1
./catdog/CATS/cat_11_93.png,A,1
./catdog/CATS/cat_11_94.png,B,1
./catdog/CATS/cat_11_95.png,A,1
./catdog/CATS/cat_11_96.png,C,1
./catdog/CATS/cat_11_97.png,B,1
./catdog/CATS/cat_11_98.png,B,1
./catdog/CATS/cat_11_99.png,A,1
./catdog/CATS/cat_12_0.png,B,1
./catdog/CATS/cat_12_1.png,C,1
./catdog/CATS/cat_12_10.png,C,1
./catdog/CATS/cat_12_11.png,B,1
./catdog/CATS/cat_12_12.png,A,1
./catdog/CATS/cat_12_13.png,A,1
./catdog/CATS/cat_12_14.png,A,1
./catdog/CATS/cat_12_15.png,A,1
./catdog/CATS/cat_12_16.png,B,1
./catdog/CATS/cat_12_17.png,C,1
./catdog/CATS/cat_12_18.png,C,1
./catdog/CATS/cat_12_19.png,C,1
./catdog/CATS/cat_12_2.png,C,1
./catdog/CATS/cat_12_20.png,C,1
./catdog/CATS/cat_12_21.png,B,1
./catdog/CATS/cat_12_22.png,B,1
./catdog/CATS/cat_12_23.png,C,1
./catdog/CATS/cat_12_24.png,A,1
./catdog/CATS/cat_12_25.png,A,1
./catdog/CATS/cat_12_26.png,C,1
./catdog/CATS/cat_12_27.png,A,1
./catdog/CATS/cat_12_28.png,A,1
./catdog/CATS/cat_12_29.png,C,1
./catdog/CATS/cat_12_3.png,C,1
./catdog/CATS/cat_12_30.png,A,1
./catdog/CATS/cat_12_31.png,A,1
./catdog/CATS/cat_12_32.png,B,1
./catdog/CATS/cat_12_33.png,A,1
./catdog/CATS/cat_12_34.png,C,1
./catdog/CATS/cat_12_35.png,C,1
./catdog/CATS/cat_12_36.png,A,1
./catdog/CATS/cat_12_37.png,B,1
./catdog/CATS/cat_12_38.png,B,1
./catdog/CATS/cat_12_39.png,C,1
./catdog/CATS/cat_12_4.png,B,1
./catdog/CATS/cat_12_40.png,C,1
./catdog/CATS/cat_12_41.png,A,1
./catdog/CATS/cat_12_42.png,A,1
./catdog/CATS/cat_12_43.png,A,1
./catdog/CATS/cat_12_44.png,B,1
./catdog/CATS/cat_12_45.png,B,1
./catdog/CATS/cat_12_46.png,C,1
./catdog/CATS/cat_12_47.png,B,1
./catdog/CATS/cat_12_48.png,B,1
./catdog/CATS/cat_12_49.png,A,1
./catdog/CATS/cat_12_5.png,B,1
./catdog/CATS/cat_12_50.png,B,1
./catdog/CATS/cat_12_51.png,C,1
./catdog/CATS/cat_12_52.png,C,1
./catdog/CATS/cat_12_53.png,B,1
./catdog/CATS/cat_12_54.png,C,1
./catdog/CATS/cat_12_55.png,B,1
./catdog/CATS/cat_12_56.png,B,1
./catdog/CATS/cat_12_57.png,B,1
./catdog/CATS/cat_12_58.png,A,1
./catdog/CATS/cat_12_59.png,B,1
./catdog/CATS/cat_12_6.png,B,1
./catdog/CATS/cat_12_60.png,C,1
./catdog/CATS/cat_12_61.png,A,1
./catdog/CATS/cat_12_62.png,B,1
./catdog/CATS/cat_12_63.png,B,1
./catdog/CATS/cat_12_64.png,A,1
./catdog/CATS/cat_12_65.png,B,1
./catdog/CATS/cat_12_66.png,A,1
./catdog/CATS/cat_12_67.png,B,1
./catdog/CATS/cat_12_68.png,B,1
./catdog/CATS/cat_12_69.png,C,1
./catdog/CATS/cat_12_7.png,C,1
./catdog/CATS/cat_12_70.png,A,1
./catdog/CATS/cat_12_71.png,A,1
./catdog/CATS/cat_12_72.png,A,1
./catdog/CATS/cat_12_73.png,A,1
./catdog/CATS/cat_12_74.png,B,1
./catdog/CATS/cat_12_75.png,A,1
./catdog/CATS/cat_12_76.png,C,1
./catdog/CATS/cat_12_77.png,B,1
./catdog/CATS/cat_12_78.png,B,1
./catdog/CATS/cat_12_79.png,A,1
./catdog/CATS/cat_12_8.png,B,1
./catdog/CATS/cat_12_80.png,C,1
./catdog/CATS/cat_12_81.png,C,1
./catdog/CATS/cat_12_82.png,C,1
./catdog/CATS/cat_12_83.png,A,1
./catdog/CATS/cat_12_84.png,A,1
./catdog/CATS/cat_12_85.png,C,1
./catdog/CATS/cat_12_86.png,C,1
./catdog/CATS/cat_12_87.png,A,1
./catdog/CATS/cat_12_88.png,B,1
./catdog/CATS/cat_12_89.png,A,1
./catdog/CATS/cat_12_9.png,C,1
./catdog/CATS/cat_12_90.png,C,1
./catdog/CATS/cat_12_91.png,B,1
./catdog/CATS/cat_12_92.png,C,1
./catdog/CATS/cat_12_93.png,A,1
./catdog/CATS/cat_12_94.png,B,1
./catdog/CATS/cat_12_95.png,A,1
./catdog/CATS/cat_12_96.png,B,1
./catdog/CATS/cat_12_97.png,C,1
./catdog/CATS/cat_12_98.png,C,1
./catdog/CATS/cat_12_99.png,A,1
./catdog/CATS/cat_1_0.png,C,1
./catdog/CATS/cat_1_1.png,A,1
./catdog/CATS/cat_1_10.png,B,1
./catdog/CATS/cat_1_11.png,A,1
./catdog/CATS/cat_1_12.png,C,1
./catdog/CATS/cat_1_13.png,B,1
./catdog/CATS/cat_1_14.png,B,1
./catdog/CATS/cat_1_15.png,B,1
./catdog/CATS/cat_1_16.png,A,1
./catdog/CATS/cat_1_17.png,C,1
./catdog/CATS/cat_1_18.png,C,1
./catdog/CATS/cat_1_19.png,C,1
./catdog/CATS/cat_1_2.png,A,1
./catdog/CATS/cat_1_20.png,B,1
./catdog/CATS/cat_1_21.png,B,1
./catdog/CATS/cat_1_22.png,C,1
./catdog/CATS/cat_1_23.png,C,1
./catdog/CATS/cat_1_24.png,C,1
./catdog/CATS/cat_1_25.png,A,1
./catdog/CATS/cat_1_26.png,C,1
./catdog/CATS/cat_1_27.png,A,1
./catdog/CATS/cat_1_28.png,C,1
./catdog/CATS/cat_1_29.png,A,1
./catdog/CATS/cat_1_3.png,A,1
./catdog/CATS/cat_1_30.png,C,1
./catdog/CATS/cat_1_31.png,C,1
./catdog/CATS/cat_1_32.png,B,1
./catdog/CATS/cat_1_33.png,B,1
./catdog/CATS/cat_1_34.png,A,1
./catdog/CATS/cat_1_35.png,A,1
./catdog/CATS/cat_1_36.png,B,1
./catdog/CATS/cat_1_37.png,B,1
./catdog/CATS/cat_1_38.png,C,1
./catdog/CATS/cat_1_39.png,C,1
./catdog/CATS/cat_1_4.png,B,1
./catdog/CATS/cat_1_40.png,B,1
./catdog/CATS/cat_1_41.png,C,1
./catdog/CATS/cat_1_42.png,C,1
./catdog/CATS/cat_1_43.png,B,1
./catdog/CATS/cat_1_44.png,C,1
./catdog/CATS/cat_1_45.png,A,1
./catdog/CATS/cat_1_46.png,C,1
./catdog/CATS/cat_1_47.png,C,1
./catdog/CATS/cat_1_48.png,A,1
./catdog/CATS/cat_1_49.png,B,1
./catdog/CATS/cat_1_5.png,A,1
./catdog/CATS/cat_1_50.png,A,1
./catdog/CATS/cat_1_51.png,B,1
./catdog/CATS/cat_1_52.png,A,1
./catdog/CATS/cat_1_53.png,A,1
./catdog/CATS/cat_1_54.png,A,1
./catdog/CATS/cat_1_55.png,B,1
./catdog/CATS/cat_1_56.png,C,1
./catdog/CATS/cat_1_57.png,A,1
./catdog/CATS/cat_1_58.png,A,1
./catdog/CATS/cat_1_59.png,B,1
./catdog/CATS/cat_1_6.png,B,1
./catdog/CATS/cat_1_60.png,C,1
./catdog/CATS/cat_1_61.png,C,1
./catdog/CATS/cat_1_62.png,A,1
./catdog/CATS/cat_1_63.png,B,1
./catdog/CATS/cat_1_64.png,A,1
./catdog/CATS/cat_1_65.png,B,1
./catdog/CATS/cat_1_66.png,C,1
./catdog/CATS/cat_1_67.png,C,1
./catdog/CATS/cat_1_68.png,A,1
./catdog/CATS/cat_1_69.png,C,1
./catdog/CATS/cat_1_7.png,C,1
./catdog/CATS/cat_1_70.png,C,1
./catdog/CATS/cat_1_71.png,C,1
./catdog/CATS/cat_1_72.png,C,1
./catdog/CATS/cat_1_73.png,C,1
./catdog/CATS/cat_1_74.png,B,1
./catdog/CATS/cat_1_75.png,B,1
./catdog/CATS/cat_1_76.png,C,1
./catdog/CATS/cat_1_77.png,A,1
./catdog/CATS/cat_1_78.png,B,1
./catdog/CATS/cat_1_79.png,A,1
./catdog/CATS/cat_1_8.png,C,1
./catdog/CATS/cat_1_80.png,C,1
./catdog/CATS/cat_1_81.png,C,1
./catdog/CATS/cat_1_82.png,A,1
./catdog/CATS/cat_1_83.png,C,1
./catdog/CATS/cat_1_84.png,A,1
./catdog/CATS/cat_1_85.png,B,1
./catdog/CATS/cat_1_86.png,C,1
./catdog/CATS/cat_1_87.png,C,1
./catdog/CATS/cat_1_88.png,A,1
./catdog/CATS/cat_1_89.png,A,1
./catdog/CATS/cat_1_9.png,C,1
./catdog/CATS/cat_1_90.png,B,1
./catdog/CATS/cat_1_91.png,B,1
./catdog/CATS/cat_1_92.png,C,1
./catdog/CATS/cat_1_93.png,A,1
./catdog/CATS/cat_1_94.png,B,1
./catdog/CATS/cat_1_95.png,C,1
./catdog/CATS/cat_1_96.png,A,1
./catdog/CATS/cat_1_97.png,A,1
./catdog/CATS/cat_1_98.png,B,1
./catdog/CATS/cat_2_0.png,A,1
./catdog/CATS/cat_2_1.png,C,1
./catdog/CATS/cat_2_10.png,C,1
./catdog/CATS/cat_2_11.png,A,1
./catdog/CATS/cat_2_12.png,B,1
./catdog/CATS/cat_2_13.png,C,1
./catdog/CATS/cat_2_14.png,A,1
./catdog/CATS/cat_2_15.png,B,1
./catdog/CATS/cat_2_16.png,A,1
./catdog/CATS/cat_2_17.png,B,1
./catdog/CATS/cat_2_18.png,B,1
./catdog/CATS/cat_2_19.png,A,1
./catdog/CATS/cat_2_2.png,A,1
./catdog/CATS/cat_2_20.png,A,1
./catdog/CATS/cat_2_21.png,B,1
./catdog/CATS/cat_2_22.png,C,1
./catdog/CATS/cat_2_23.png,B,1
./catdog/CATS/cat_2_24.png,A,1
./catdog/CATS/cat_2_25.png,B,1
./catdog/CATS/cat_2_26.png,C,1
./catdog/CATS/cat_2_27.png,C,1
./catdog/CATS/cat_2_28.png,C,1
./catdog/CATS/cat_2_29.png,B,1
./catdog/CATS/cat_2_3.png,C,1
./catdog/CATS/cat_2_30.png,C,1
./catdog/CATS/cat_2_31.png,A,1
./catdog/CATS/cat_2_32.png,B,1
./catdog/CATS/cat_2_33.png,A,1
./catdog/CATS/cat_2_34.png,C,1
./catdog/CATS/cat_2_35.png,C,1
./catdog/CATS/cat_2_36.png,B,1
./catdog/CATS/cat_2_37.png,C,1
./catdog/CATS/cat_2_38.png,A,1
./catdog/CATS/cat_2_39.png,A,1
./catdog/CATS/cat_2_4.png,C,1
./catdog/CATS/cat_2_40.png,C,1
./catdog/CATS/cat_2_41.png,B,1
./catdog/CATS/cat_2_42.png,C,1
./catdog/CATS/cat_2_43.png,C,1
./catdog/CATS/cat_2_44.png,C,1
./catdog/CATS/cat_2_45.png,A,1
./catdog/CATS/cat_2_46.png,B,1
./catdog/CATS/cat_2_47.png,B,1
./catdog/CATS/cat_2_48.png,B,1
./catdog/CATS/cat_2_49.png,B,1
./catdog/CATS/cat_2_5.png,B,1
./catdog/CATS/cat_2_50.png,A,1
./catdog/CATS/cat_2_51.png,A,1
./catdog/CATS/cat_2_52.png,C,1
./catdog/CATS/cat_2_53.png,C,1
./catdog/CATS/cat_2_54.png,C,1
./catdog/CATS/cat_2_55.png,C,1
./catdog/CATS/cat_2_56.png,C,1
./catdog/CATS/cat_2_57.png,C,1
./catdog/CATS/cat_2_58.png,B,1
./catdog/CATS/cat_2_59.png,A,1
./catdog/CATS/cat_2_6.png,C,1
./catdog/CATS/cat_2_60.png,B,1
./catdog/CATS/cat_2_61.png,B,1
./catdog/CATS/cat_2_62.png,C,1
./catdog/CATS/cat_2_63.png,C,1
./catdog/CATS/cat_2_64.png,B,1
./catdog/CATS/cat_2_65.png,A,1
./catdog/CATS/cat_2_66.png,A,1
./catdog/CATS/cat_2_67.png,B,1
./catdog/CATS/cat_2_68.png,B,1
./catdog/CATS/cat_2_69.png,B,1
./catdog/CATS/cat_2_7.png,C,1
./catdog/CATS/cat_2_70.png,A,1
./catdog/CATS/cat_2_71.png,B,1
./catdog/CATS/cat_2_72.png,B,1
./catdog/CATS/cat_2_73.png,A,1
./catdog/CATS/cat_2_74.png,B,1
./catdog/CATS/cat_2_75.png,B,1
./catdog/CATS/cat_2_76.png,A,1
./catdog/CATS/cat_2_77.png,A,1
./catdog/CATS/cat_2_78.png,C,1
./catdog/CATS/cat_2_79.png,C,1
./catdog/CATS/cat_2_8.png,C,1
./catdog/CATS/cat_2_80.png,C,1
./catdog/CATS/cat_2_81.png,C,1
./catdog/CATS/cat_2_82.png,A,1
./catdog/CATS/cat_2_83.png,C,1
./catdog/CATS/cat_2_84.png,A,1
./catdog/CATS/cat_2_85.png,C,1
./catdog/CATS/cat_2_86.png,B,1
./catdog/CATS/cat_2_87.png,B,1
./catdog/CATS/cat_2_88.png,C,1
./catdog/CATS/cat_2_89.png,A,1
./catdog/CATS/cat_2_9.png,C,1
./catdog/CATS/cat_2_90.png,B,1
./catdog/CATS/cat_2_91.png,C,1
./catdog/CATS/cat_2_92.png,A,1
./catdog/CATS/cat_2_93.png,A,1
./catdog/CATS/cat_2_94.png,B,1
./catdog/CATS/cat_2_95.png,A,1
./catdog/CATS/cat_2_96.png,A,1
./catdog/CATS/cat_2_97.png,A,1
./catdog/CATS/cat_3_0.png,B,1
./catdog/CATS/cat_3_1.png,B,1
./catdog/CATS/cat_3_10.png,C,1
./catdog/CATS/cat_3_11.png,B,1
./catdog/CATS/cat_3_12.png,A,1
./catdog/CATS/cat_3_13.png,A,1
./catdog/CATS/cat_3_14.png,B,1
./catdog/CATS/cat_3_15.png,A,1
./catdog/CATS/cat_3_16.png,A,1
./catdog/CATS/cat_3_17.png,A,1
./catdog/CATS/cat_3_18.png,A,1
./catdog/CATS/cat_3_19.png,C,1
./catdog/CATS/cat_3_2.png,A,1
./catdog/CATS/cat_3_20.png,A,1
./catdog/CATS/cat_3_21.png,C,1
./catdog/CATS/cat_3_22.png,A,1
./catdog/CATS/cat_3_23.png,B,1
./catdog/CATS/cat_3_24.png,A,1
./catdog/CATS/cat_3_25.png,C,1
./catdog/CATS/cat_3_26.png,C,1
./catdog/CATS/cat_3_27.png,B,1
./catdog/CATS/cat_3_28.png,B,1
./catdog/CATS/cat_3_29.png,B,1
./catdog/CATS/cat_3_3.png,A,1
./catdog/CATS/cat_3_30.png,C,1
./catdog/CATS/cat_3_31.png,A,1
./catdog/CATS/cat_3_32.png,C,1
./catdog/CATS/cat_3_33.png,A,1
./catdog/CATS/cat_3_34.png,B,1
./catdog/CATS/cat_3_35.png,C,1
./catdog/CATS/cat_3_36.png,C,1
./catdog/CATS/cat_3_37.png,C,1
./catdog/CATS/cat_3_38.png,B,1
./catdog/CATS/cat_3_39.png,C,1
./catdog/CATS/cat_3_4.png,A,1
./catdog/CATS/cat_3_40.png,A,1
./catdog/CATS/cat_3_41.png,A,1
./catdog/CATS/cat_3_42.png,A,1
./catdog/CATS/cat_3_43.png,C,1
./catdog/CATS/cat_3_44.png,A,1
./catdog/CATS/cat_3_45.png,A,1
./catdog/CATS/cat_3_46.png,A,1
./catdog/CATS/cat_3_47.png,C,1
./catdog/CATS/cat_3_48.png,C,1
./catdog/CATS/cat_3_49.png,C,1
./catdog/CATS/cat_3_5.png,C,1
./catdog/CATS/cat_3_50.png,B,1
./catdog/CATS/cat_3_51.png,C,1
./catdog/CATS/cat_3_52.png,C,1
./catdog/CATS/cat_3_53.png,A,1
./catdog/CATS/cat_3_54.png,A,1
./catdog/CATS/cat_3_55.png,C,1
./catdog/CATS/cat_3_56.png,C,1
./catdog/CATS/cat_3_57.png,B,1
./catdog/CATS/cat_3_58.png,A,1
./catdog/CATS/cat_3_59.png,B,1
./catdog/CATS/cat_3_6.png,C,1
./catdog/CATS/cat_3_60.png,A,1
./catdog/CATS/cat_3_61.png,C,1
./catdog/CATS/cat_3_62.png,C,1
./catdog/CATS/cat_3_63.png,B,1
./catdog/CATS/cat_3_64.png,B,1
./catdog/CATS/cat_3_65.png,C,1
./catdog/CATS/cat_3_66.png,C,1
./catdog/CATS/cat_3_67.png,C,1
./catdog/CATS/cat_3_68.png,A,1
./catdog/CATS/cat_3_69.png,C,1
./catdog/CATS/cat_3_7.png,C,1
./catdog/CATS/cat_3_70.png,C,1
./catdog/CATS/cat_3_71.png,C,1
./catdog/CATS/cat_3_72.png,B,1
./catdog/CATS/cat_3_73.png,B,1
./catdog/CATS/cat_3_74.png,C,1
./catdog/CATS/cat_3_75.png,C,1
./catdog/CATS/cat_3_76.png,B,1
./catdog/CATS/cat_3_77.png,B,1
./catdog/CATS/cat_3_78.png,B,1
./catdog/CATS/cat_3_79.png,C,1
./catdog/CATS/cat_3_8.png,A,1
./catdog/CATS/cat_3_80.png,A,1
./catdog/CATS/cat_3_81.png,A,1
./catdog/CATS/cat_3_82.png,A,1
./catdog/CATS/cat_3_83.png,C,1
./catdog/CATS/cat_3_84.png,C,1
./catdog/CATS/cat_3_85.png,C,1
./catdog/CATS/cat_3_86.png,A,1
./catdog/CATS/cat_3_87.png,B,1
./catdog/CATS/cat_3_88.png,B,1
./catdog/CATS/cat_3_89.png,B,1
./catdog/CATS/cat_3_9.png,A,1
./catdog/CATS/cat_3_90.png,A,1
./catdog/CATS/cat_3_91.png,A,1
./catdog/CATS/cat_3_92.png,C,1
./catdog/CATS/cat_3_93.png,A,1
./catdog/CATS/cat_3_94.png,B,1
./catdog/CATS/cat_3_95.png,C,1
./catdog/CATS/cat_3_96.png,C,1
./catdog/CATS/cat_3_97.png,B,1
./catdog/CATS/cat_3_98.png,B,1
./catdog/CATS/cat_3_99.png,A,1
./catdog/CATS/cat_4_0.png,A,1
./catdog/CATS/cat_4_1.png,C,1
./catdog/CATS/cat_4_10.png,A,1
./catdog/CATS/cat_4_11.png,B,1
./catdog/CATS/cat_4_12.png,C,1
./catdog/CATS/cat_4_13.png,A,1
./catdog/CATS/cat_4_14.png,B,1
./catdog/CATS/cat_4_15.png,B,1
./catdog/CATS/cat_4_16.png,B,1
./catdog/CATS/cat_4_17.png,A,1
./catdog/CATS/cat_4_18.png,C,1
./catdog/CATS/cat_4_19.png,B,1
./catdog/CATS/cat_4_2.png,A,1
./catdog/CATS/cat_4_20.png,B,1
./catdog/CATS/cat_4_21.png,A,1
./catdog/CATS/cat_4_22.png,C,1
./catdog/CATS/cat_4_23.png,B,1
./catdog/CATS/cat_4_24.png,C,1
./catdog/CATS/cat_4_25.png,C,1
./catdog/CATS/cat_4_26.png,A,1
./catdog/CATS/cat_4_27.png,A,1
./catdog/CATS/cat_4_28.png,A,1
./catdog/CATS/cat_4_29.png,A,1
./catdog/CATS/cat_4_3.png,A,1
./catdog/CATS/cat_4_30.png,B,1
./catdog/CATS/cat_4_31.png,C,1
./catdog/CATS/cat_4_32.png,C,1
./catdog/CATS/cat_4_33.png,B,1
./catdog/CATS/cat_4_34.png,A,1
./catdog/CATS/cat_4_35.png,C,1
./catdog/CATS/cat_4_36.png,A,1
./catdog/CATS/cat_4_37.png,A,1
./catdog/CATS/cat_4_38.png,A,1
./catdog/CATS/cat_4_39.png,A,1
./catdog/CATS/cat_4_4.png,C,1
./catdog/CATS/cat_4_40.png,A,1
./catdog/CATS/cat_4_41.png,B,1
./catdog/CATS/cat_4_42.png,C,1
./catdog/CATS/cat_4_43.png,B,1
./catdog/CATS/cat_4_44.png,C,1
./catdog/CATS/cat_4_45.png,B,1
./catdog/CATS/cat_4_46.png,A,1
./catdog/CATS/cat_4_47.png,C,1
./catdog/CATS/cat_4_48.png,B,1
./catdog/CATS/cat_4_49.png,C,1
./catdog/CATS/cat_4_5.png,A,1
./catdog/CATS/cat_4_50.png,A,1
./catdog/CATS/cat_4_51.png,A,1
./catdog/CATS/cat_4_52.png,C,1
./catdog/CATS/cat_4_53.png,C,1
./catdog/CATS/cat_4_54.png,B,1
./catdog/CATS/cat_4_55.png,B,1
./catdog/CATS/cat_4_56.png,B,1
./catdog/CATS/cat_4_57.png,B,1
./catdog/CATS/cat_4_58.png,B,1
./catdog/CATS/cat_4_59.png,A,1
./catdog/CATS/cat_4_6.png,A,1
./catdog/CATS/cat_4_60.png,C,1
./catdog/CATS/cat_4_61.png,B,1
./catdog/CATS/cat_4_62.png,B,1
./catdog/CATS/cat_4_63.png,C,1
./catdog/CATS/cat_4_64.png,B,1
./catdog/CATS/cat_4_65.png,A,1
./catdog/CATS/cat_4_66.png,C,1
./catdog/CATS/cat_4_67.png,C,1
./catdog/CATS/cat_4_68.png,B,1
./catdog/CATS/cat_4_69.png,C,1
./catdog/CATS/cat_4_7.png,A,1
./catdog/CATS/cat_4_70.png,A,1
./catdog/CATS/cat_4_71.png,A,1
./catdog/CATS/cat_4_72.png,B,1
./catdog/CATS/cat_4_73.png,B,1
./catdog/CATS/cat_4_74.png,C,1
./catdog/CATS/cat_4_75.png,B,1
./catdog/CATS/cat_4_76.png,A,1
./catdog/CATS/cat_4_77.png,C,1
./catdog/CATS/cat_4_78.png,A,1
./catdog/CATS/cat_4_79.png,A,1
./catdog/CATS/cat_4_8.png,B,1
./catdog/CATS/cat_4_80.png,A,1
./catdog/CATS/cat_4_81.png,C,1
./catdog/CATS/cat_4_82.png,A,1
./catdog/CATS/cat_4_83.png,A,1
./catdog/CATS/cat_4_84.png,C,1
./catdog/CATS/cat_4_85.png,A,1
./catdog/CATS/cat_4_86.png,A,1
./catdog/CATS/cat_4_87.png,B,1
./catdog/CATS/cat_4_88.png,C,1
./catdog/CATS/cat_4_89.png,C,1
./catdog/CATS/cat_4_9.png,B,1
./catdog/CATS/cat_4_90.png,C,1
./catdog/CATS/cat_4_91.png,A,1
./catdog/CATS/cat_4_92.png,C,1
./catdog/CATS/cat_4_93.png,A,1
./catdog/CATS/cat_4_94.png,A,1
./catdog/CATS/cat_4_95.png,B,1
./catdog/CATS/cat_4_96.png,C,1
./catdog/CATS/cat_4_97.png,C,1
./catdog/CATS/cat_4_98.png,A,1
./catdog/CATS/cat_4_99.png,A,1
./catdog/CATS/cat_5_0.png,A,1
./catdog/CATS/cat_5_1.png,A,1
./catdog/CATS/cat_5_10.png,A,1
./catdog/CATS/cat_5_11.png,C,1
./catdog/CATS/cat_5_12.png,B,1
./catdog/CATS/cat_5_13.png,B,1
./catdog/CATS/cat_5_14.png,A,1
./catdog/CATS/cat_5_15.png,C,1
./catdog/CATS/cat_5_16.png,C,1
./catdog/CATS/cat_5_17.png,C,1
./catdog/CATS/cat_5_18.png,A,1
./catdog/CATS/cat_5_19.png,C,1
./catdog/CATS/cat_5_2.png,C,1
./catdog/CATS/cat_5_20.png,C,1
./catdog/CATS/cat_5_21.png,B,1
./catdog/CATS/cat_5_22.png,B,1
./catdog/CATS/cat_5_23.png,C,1
./catdog/CATS/cat_5_24.png,C,1
./catdog/CATS/cat_5_25.png,A,1
./catdog/CATS/cat_5_26.png,A,1
./catdog/CATS/cat_5_27.png,B,1
./catdog/CATS/cat_5_28.png,B,1
./catdog/CATS/cat_5_29.png,A,1
./catdog/CATS/cat_5_3.png,B,1
./catdog/CATS/cat_5_30.png,A,1
./catdog/CATS/cat_5_31.png,C,1
./catdog/CATS/cat_5_32.png,B,1
./catdog/CATS/cat_5_33.png,C,1
./catdog/CATS/cat_5_34.png,C,1
./catdog/CATS/cat_5_35.png,A,1
./catdog/CATS/cat_5_36.png,C,1
./catdog/CATS/cat_5_37.png,A,1
./catdog/CATS/cat_5_38.png,B,1
./catdog/CATS/cat_5_39.png,B,1
./catdog/CATS/cat_5_4.png,A,1
./catdog/CATS/cat_5_40.png,A,1
./catdog/CATS/cat_5_41.png,B,1
./catdog/CATS/cat_5_42.png,C,1
./catdog/CATS/cat_5_43.png,C,1
./catdog/CATS/cat_5_44.png,C,1
./catdog/CATS/cat_5_45.png,B,1
./catdog/CATS/cat_5_46.png,C,1
./catdog/CATS/cat_5_47.png,C,1
./catdog/CATS/cat_5_48.png,B,1
./catdog/CATS/cat_5_49.png,A,1
./catdog/CATS/cat_5_5.png,A,1
./catdog/CATS/cat_5_50.png,B,1
./catdog/CATS/cat_5_51.png,C,1
./catdog/CATS/cat_5_52.png,C,1
./catdog/CATS/cat_5_53.png,B,1
./catdog/CATS/cat_5_54.png,B,1
./catdog/CATS/cat_5_55.png,B,1
./catdog/CATS/cat_5_56.png,A,1
./catdog/CATS/cat_5_57.png,C,1
./catdog/CATS/cat_5_58.png,A,1
./catdog/CATS/cat_5_59.png,A,1
./catdog/CATS/cat_5_6.png,B,1
./catdog/CATS/cat_5_60.png,B,1
./catdog/CATS/cat_5_61.png,A,1
./catdog/CATS/cat_5_62.png,C,1
./catdog/CATS/cat_5_63.png,C,1
./catdog/CATS/cat_5_64.png,B,1
./catdog/CATS/cat_5_65.png,C,1
./catdog/CATS/cat_5_66.png,B,1
./catdog/CATS/cat_5_67.png,C,1
./catdog/CATS/cat_5_68.png,C,1
./catdog/CATS/cat_5_69.png,B,1
./catdog/CATS/cat_5_7.png,B,1
./catdog/CATS/cat_5_70.png,B,1
./catdog/CATS/cat_5_71.png,C,1
./catdog/CATS/cat_5_72.png,C,1
./catdog/CATS/cat_5_73.png,B,1
./catdog/CATS/cat_5_74.png,B,1
./catdog/CATS/cat_5_75.png,C,1
./catdog/CATS/cat_5_76.png,C,1
./catdog/CATS/cat_5_77.png,A,1
./catdog/CATS/cat_5_78.png,B,1
./catdog/CATS/cat_5_79.png,C,1
./catdog/CATS/cat_5_8.png,A,1
./catdog/CATS/cat_5_80.png,B,1
./catdog/CATS/cat_5_81.png,B,1
./catdog/CATS/cat_5_82.png,A,1
./catdog/CATS/cat_5_83.png,B,1
./catdog/CATS/cat_5_84.png,C,1
./catdog/CATS/cat_5_85.png,B,1
./catdog/CATS/cat_5_86.png,C,1
./catdog/CATS/cat_5_87.png,A,1
./catdog/CATS/cat_5_88.png,C,1
./catdog/CATS/cat_5_89.png,A,1
./catdog/CATS/cat_5_9.png,B,1
./catdog/CATS/cat_5_90.png,C,1
./catdog/CATS/cat_5_91.png,A,1
./catdog/CATS/cat_5_92.png,A,1
./catdog/CATS/cat_5_93.png,C,1
./catdog/CATS/cat_5_94.png,C,1
./catdog/CATS/cat_5_95.png,B,1
./catdog/CATS/cat_5_96.png,A,1
./catdog/CATS/cat_5_97.png,A,1
./catdog/CATS/cat_5_98.png,B,1
./catdog/CATS/cat_5_99.png,A,1
./catdog/CATS/cat_6_0.png,B,1
./catdog/CATS/cat_6_1.png,A,1
./catdog/CATS/cat_6_10.png,B,1
./catdog/CATS/cat_6_11.png,C,1
./catdog/CATS/cat_6_12.png,A,1
./catdog/CATS/cat_6_13.png,C,1
./catdog/CATS/cat_6_14.png,B,1
./catdog/CATS/cat_6_15.png,B,1
./catdog/CATS/cat_6_16.png,A,1
./catdog/CATS/cat_6_17.png,C,1
./catdog/CATS/cat_6_18.png,B,1
./catdog/CATS/cat_6_19.png,B,1
./catdog/CATS/cat_6_2.png,A,1
./catdog/CATS/cat_6_20.png,A,1
./catdog/CATS/cat_6_21.png,A,1
./catdog/CATS/cat_6_22.png,B,1
./catdog/CATS/cat_6_23.png,B,1
./catdog/CATS/cat_6_24.png,A,1
./catdog/CATS/cat_6_25.png,B,1
./catdog/CATS/cat_6_26.png,B,1
./catdog/CATS/cat_6_27.png,B,1
./catdog/CATS/cat_6_28.png,B,1
./catdog/CATS/cat_6_29.png,B,1
./catdog/CATS/cat_6_3.png,C,1
./catdog/CATS/cat_6_30.png,B,1
./catdog/CATS/cat_6_31.png,A,1
./catdog/CATS/cat_6_32.png,B,1
./catdog/CATS/cat_6_33.png,A,1
./catdog/CATS/cat_6_34.png,A,1
./catdog/CATS/cat_6_35.png,B,1
./catdog/CATS/cat_6_36.png,A,1
./catdog/CATS/cat_6_37.png,A,1
./catdog/CATS/cat_6_38.png,A,1
./catdog/CATS/cat_6_39.png,B,1
./catdog/CATS/cat_6_4.png,A,1
./catdog/CATS/cat_6_40.png,B,1
./catdog/CATS/cat_6_41.png,B,1
./catdog/CATS/cat_6_42.png,A,1
./catdog/CATS/cat_6_43.png,A,1
./catdog/CATS/cat_6_44.png,A,1
./catdog/CATS/cat_6_45.png,B,1
./catdog/CATS/cat_6_46.png,B,1
./catdog/CATS/cat_6_47.png,C,1
./catdog/CATS/cat_6_48.png,C,1
./catdog/CATS/cat_6_49.png,C,1
./catdog/CATS/cat_6_5.png,B,1
./catdog/CATS/cat_6_50.png,A,1
./catdog/CATS/cat_6_51.png,B,1
./catdog/CATS/cat_6_52.png,A,1
./catdog/CATS/cat_6_53.png,A,1
./catdog/CATS/cat_6_54.png,B,1
./catdog/CATS/cat_6_55.png,B,1
./catdog/CATS/cat_6_56.png,B,1
./catdog/CATS/cat_6_57.png,A,1
./catdog/CATS/cat_6_58.png,C,1
./catdog/CATS/cat_6_59.png,A,1
./catdog/CATS/cat_6_6.png,B,1
./catdog/CATS/cat_6_60.png,C,1
./catdog/CATS/cat_6_61.png,B,1
./catdog/CATS/cat_6_62.png,A,1
./catdog/CATS/cat_6_63.png,A,1
./catdog/CATS/cat_6_64.png,C,1
./catdog/CATS/cat_6_65.png,C,1
./catdog/CATS/cat_6_66.png,A,1
./catdog/CATS/cat_6_67.png,B,1
./catdog/CATS/cat_6_68.png,C,1
./catdog/CATS/cat_6_69.png,C,1
./catdog/CATS/cat_6_7.png,B,1
./catdog/CATS/cat_6_70.png,A,1
./catdog/CATS/cat_6_71.png,A,1
./catdog/CATS/cat_6_72.png,A,1
./catdog/CATS/cat_6_73.png,C,1
./catdog/CATS/cat_6_74.png,A,1
./catdog/CATS/cat_6_75.png,B,1
./catdog/CATS/cat_6_76.png,B,1
./catdog/CATS/cat_6_77.png,A,1
./catdog/CATS/cat_6_78.png,B,1
./catdog/CATS/cat_6_79.png,A,1
./catdog/CATS/cat_6_8.png,A,1
./catdog/CATS/cat_6_80.png,C,1
./catdog/CATS/cat_6_81.png,A,1
./catdog/CATS/cat_6_82.png,B,1
./catdog/CATS/cat_6_83.png,C,1
./catdog/CATS/cat_6_84.png,B,1
./catdog/CATS/cat_6_85.png,A,1
./catdog/CATS/cat_6_86.png,C,1
./catdog/CATS/cat_6_87.png,B,1
./catdog/CATS/cat_6_88.png,B,1
./catdog/CATS/cat_6_89.png,C,1
./catdog/CATS/cat_6_9.png,C,1
./catdog/CATS/cat_6_90.png,B,1
./catdog/CATS/cat_6_91.png,A,1
./catdog/CATS/cat_7_0.png,B,1
./catdog/CATS/cat_7_1.png,B,1
./catdog/CATS/cat_7_10.png,B,1
./catdog/CATS/cat_7_11.png,C,1
./catdog/CATS/cat_7_12.png,A,1
./catdog/CATS/cat_7_13.png,B,1
./catdog/CATS/cat_7_14.png,A,1
./catdog/CATS/cat_7_15.png,A,1
./catdog/CATS/cat_7_16.png,C,1
./catdog/CATS/cat_7_17.png,C,1
./catdog/CATS/cat_7_18.png,B,1
./catdog/CATS/cat_7_19.png,A,1
./catdog/CATS/cat_7_2.png,B,1
./catdog/CATS/cat_7_20.png,B,1
./catdog/CATS/cat_7_21.png,B,1
./catdog/CATS/cat_7_22.png,C,1
./catdog/CATS/cat_7_23.png,A,1
./catdog/CATS/cat_7_24.png,A,1
./catdog/CATS/cat_7_25.png,B,1
./catdog/CATS/cat_7_26.png,C,1
./catdog/CATS/cat_7_27.png,C,1
./catdog/CATS/cat_7_28.png,B,1
./catdog/CATS/cat_7_29.png,B,1
./catdog/CATS/cat_7_3.png,A,1
./catdog/CATS/cat_7_30.png,B,1
./catdog/CATS/cat_7_31.png,C,1
./catdog/CATS/cat_7_32.png,C,1
./catdog/CATS/cat_7_33.png,A,1
./catdog/CATS/cat_7_34.png,C,1
./catdog/CATS/cat_7_35.png,A,1
./catdog/CATS/cat_7_36.png,A,1
./catdog/CATS/cat_7_37.png,A,1
./catdog/CATS/cat_7_38.png,C,1
./catdog/CATS/cat_7_39.png,A,1
./catdog/CATS/cat_7_4.png,C,1
./catdog/CATS/cat_7_40.png,B,1
./catdog/CATS/cat_7_41.png,C,1
./catdog/CATS/cat_7_42.png,C,1
./catdog/CATS/cat_7_43.png,C,1
./catdog/CATS/cat_7_44.png,C,1
./catdog/CATS/cat_7_45.png,B,1
./catdog/CATS/cat_7_46.png,B,1
./catdog/CATS/cat_7_47.png,B,1
./catdog/CATS/cat_7_48.png,C,1
./catdog/CATS/cat_7_49.png,A,1
./catdog/CATS/cat_7_5.png,A,1
./catdog/CATS/cat_7_50.png,B,1
./catdog/CATS/cat_7_51.png,A,1
./catdog/CATS/cat_7_52.png,A,1
./catdog/CATS/cat_7_53.png,A,1
./catdog/CATS/cat_7_54.png,C,1
./catdog/CATS/cat_7_55.png,A,1
./catdog/CATS/cat_7_56.png,B,1
./catdog/CATS/cat_7_57.png,A,1
./catdog/CATS/cat_7_58.png,B,1
./catdog/CATS/cat_7_59.png,C,1
./catdog/CATS/cat_7_6.png,A,1
./catdog/CATS/cat_7_60.png,B,1
./catdog/CATS/cat_7_61.png,B,1
./catdog/CATS/cat_7_62.png,B,1
./catdog/CATS/cat_7_63.png,C,1
./catdog/CATS/cat_7_64.png,B,1
./catdog/CATS/cat_7_65.png,B,1
./catdog/CATS/cat_7_66.png,A,1
./catdog/CATS/cat_7_67.png,A,1
./catdog/CATS/cat_7_68.png,A,1
./catdog/CATS/cat_7_69.png,A,1
./catdog/CATS/cat_7_7.png,B,1
./catdog/CATS/cat_7_70.png,B,1
./catdog/CATS/cat_7_71.png,C,1
./catdog/CATS/cat_7_72.png,B,1
./catdog/CATS/cat_7_73.png,A,1
./catdog/CATS/cat_7_74.png,C,1
./catdog/CATS/cat_7_75.png,A,1
./catdog/CATS/cat_7_76.png,B,1
./catdog/CATS/cat_7_77.png,C,1
./catdog/CATS/cat_7_78.png,C,1
./catdog/CATS/cat_7_79.png,C,1
./catdog/CATS/cat_7_8.png,B,1
./catdog/CATS/cat_7_80.png,B,1
./catdog/CATS/cat_7_81.png,C,1
./catdog/CATS/cat_7_82.png,A,1
./catdog/CATS/cat_7_83.png,B,1
./catdog/CATS/cat_7_84.png,C,1
./catdog/CATS/cat_7_85.png,A,1
./catdog/CATS/cat_7_86.png,C,1
./catdog/CATS/cat_7_87.png,C,1
./catdog/CATS/cat_7_88.png,C,1
./catdog/CATS/cat_7_89.png,C,1
./catdog/CATS/cat_7_9.png,B,1
./catdog/CATS/cat_7_90.png,A,1
./catdog/CATS/cat_7_91.png,A,1
./catdog/CATS/cat_7_92.png,C,1
./catdog/CATS/cat_7_93.png,C,1
./catdog/CATS/cat_7_94.png,B,1
./catdog/CATS/cat_7_95.png,B,1
./catdog/CATS/cat_7_96.png,A,1
./catdog/CATS/cat_7_97.png,B,1
./catdog/CATS/cat_7_98.png,A,1
./catdog/CATS/cat_7_99.png,B,1
./catdog/CATS/cat_8_0.png,C,1
./catdog/CATS/cat_8_1.png,C,1
./catdog/CATS/cat_8_10.png,B,1
./catdog/CATS/cat_8_11.png,B,1
./catdog/CATS/cat_8_12.png,A,1
./catdog/CATS/cat_8_13.png,A,1
./catdog/CATS/cat_8_14.png,A,1
./catdog/CATS/cat_8_15.png,C,1
./catdog/CATS/cat_8_16.png,C,1
./catdog/CATS/cat_8_17.png,B,1
./catdog/CATS/cat_8_18.png,C,1
./catdog/CATS/cat_8_19.png,A,1
./catdog/CATS/cat_8_2.png,C,1
./catdog/CATS/cat_8_20.png,A,1
./catdog/CATS/cat_8_21.png,B,1
./catdog/CATS/cat_8_22.png,A,1
./catdog/CATS/cat_8_23.png,A,1
./catdog/CATS/cat_8_24.png,A,1
./catdog/CATS/cat_8_25.png,A,1
./catdog/CATS/cat_8_26.png,C,1
./catdog/CATS/cat_8_27.png,A,1
./catdog/CATS/cat_8_28.png,C,1
./catdog/CATS/cat_8_29.png,A,1
./catdog/CATS/cat_8_3.png,B,1
./catdog/CATS/cat_8_30.png,C,1
./catdog/CATS/cat_8_31.png,C,1
./catdog/CATS/cat_8_32.png,A,1
./catdog/CATS/cat_8_33.png,A,1
./catdog/CATS/cat_8_34.png,B,1
./catdog/CATS/cat_8_35.png,C,1
./catdog/CATS/cat_8_36.png,B,1
./catdog/CATS/cat_8_37.png,A,1
./catdog/CATS/cat_8_38.png,B,1
./catdog/CATS/cat_8_39.png,B,1
./catdog/CATS/cat_8_4.png,C,1
./catdog/CATS/cat_8_40.png,B,1
./catdog/CATS/cat_8_41.png,B,1
./catdog/CATS/cat_8_42.png,C,1
./catdog/CATS/cat_8_43.png,B,1
./catdog/CATS/cat_8_44.png,B,1
./catdog/CATS/cat_8_45.png,B,1
./catdog/CATS/cat_8_46.png,B,1
./catdog/CATS/cat_8_47.png,B,1
./catdog/CATS/cat_8_48.png,A,1
./catdog/CATS/cat_8_49.png,B,1
./catdog/CATS/cat_8_5.png,C,1
./catdog/CATS/cat_8_50.png,A,1
./catdog/CATS/cat_8_51.png,B,1
./catdog/CATS/cat_8_52.png,A,1
./catdog/CATS/cat_8_53.png,A,1
./catdog/CATS/cat_8_54.png,A,1
./catdog/CATS/cat_8_55.png,A,1
./catdog/CATS/cat_8_56.png,C,1
./catdog/CATS/cat_8_57.png,B,1
./catdog/CATS/cat_8_58.png,B,1
./catdog/CATS/cat_8_59.png,C,1
./catdog/CATS/cat_8_6.png,C,1
./catdog/CATS/cat_8_60.png,C,1
./catdog/CATS/cat_8_61.png,C,1
./catdog/CATS/cat_8_62.png,B,1
./catdog/CATS/cat_8_63.png,B,1
./catdog/CATS/cat_8_64.png,B,1
./catdog/CATS/cat_8_65.png,B,1
./catdog/CATS/cat_8_66.png,B,1
./catdog/CATS/cat_8_67.png,C,1
./catdog/CATS/cat_8_68.png,C,1
./catdog/CATS/cat_8_69.png,B,1
./catdog/CATS/cat_8_7.png,B,1
./catdog/CATS/cat_8_70.png,A,1
./catdog/CATS/cat_8_71.png,C,1
./catdog/CATS/cat_8_72.png,A,1
./catdog/CATS/cat_8_73.png,A,1
./catdog/CATS/cat_8_74.png,B,1
./catdog/CATS/cat_8_75.png,B,1
./catdog/CATS/cat_8_76.png,C,1
./catdog/CATS/cat_8_77.png,B,1
./catdog/CATS/cat_8_78.png,C,1
./catdog/CATS/cat_8_79.png,B,1
./catdog/CATS/cat_8_8.png,A,1
./catdog/CATS/cat_8_80.png,C,1
./catdog/CATS/cat_8_81.png,A,1
./catdog/CATS/cat_8_82.png,C,1
./catdog/CATS/cat_8_83.png,B,1
./catdog/CATS/cat_8_84.png,C,1
./catdog/CATS/cat_8_85.png,A,1
./catdog/CATS/cat_8_86.png,A,1
./catdog/CATS/cat_8_87.png,A,1
./catdog/CATS/cat_8_88.png,B,1
./catdog/CATS/cat_8_89.png,B,1
./catdog/CATS/cat_8_9.png,B,1
./catdog/CATS/cat_8_90.png,C,1
./catdog/CATS/cat_8_91.png,A,1
./catdog/CATS/cat_8_92.png,A,1
./catdog/CATS/cat_8_93.png,A,1
./catdog/CATS/cat_8_94.png,A,1
./catdog/CATS/cat_8_95.png,A,1
./catdog/CATS/cat_8_96.png,B,1
./catdog/CATS/cat_8_97.png,B,1
./catdog/CATS/cat_8_98.png,A,1
./catdog/CATS/cat_8_99.png,B,1
./catdog/CATS/cat_9_0.png,B,1
./catdog/CATS/cat_9_1.png,B,1
./catdog/CATS/cat_9_10.png,C,1
./catdog/CATS/cat_9_11.png,A,1
./catdog/CATS/cat_9_12.png,B,1
./catdog/CATS/cat_9_13.png,B,1
./catdog/CATS/cat_9_14.png,B,1
./catdog/CATS/cat_9_15.png,C,1
./catdog/CATS/cat_9_16.png,C,1
./catdog/CATS/cat_9_17.png,C,1
./catdog/CATS/cat_9_18.png,B,1
./catdog/CATS/cat_9_19.png,A,1
./catdog/CATS/cat_9_2.png,C,1
./catdog/CATS/cat_9_20.png,A,1
./catdog/CATS/cat_9_21.png,A,1
./catdog/CATS/cat_9_22.png,C,1
./catdog/CATS/cat_9_23.png,C,1
./catdog/CATS/cat_9_24.png,C,1
./catdog/CATS/cat_9_25.png,C,1
./catdog/CATS/cat_9_26.png,C,1
./catdog/CATS/cat_9_27.png,A,1
./catdog/CATS/cat_9_28.png,B,1
./catdog/CATS/cat_9_29.png,A,1
./catdog/CATS/cat_9_3.png,B,1
./catdog/CATS/cat_9_30.png,B,1
./catdog/CATS/cat_9_31.png,B,1
./catdog/CATS/cat_9_32.png,C,1
./catdog/CATS/cat_9_33.png,C,1
./catdog/CATS/cat_9_34.png,C,1
./catdog/CATS/cat_9_35.png,C,1
./catdog/CATS/cat_9_36.png,C,1
./catdog/CATS/cat_9_37.png,C,1
./catdog/CATS/cat_9_38.png,B,1
./catdog/CATS/cat_9_39.png,A,1
./catdog/CATS/cat_9_4.png,A,1
./catdog/CATS/cat_9_40.png,B,1
./catdog/CATS/cat_9_41.png,B,1
./catdog/CATS/cat_9_42.png,A,1
./catdog/CATS/cat_9_43.png,B,1
./catdog/CATS/cat_9_44.png,A,1
./catdog/CATS/cat_9_45.png,C,1
./catdog/CATS/cat_9_46.png,B,1
./catdog/CATS/cat_9_47.png,B,1
./catdog/CATS/cat_9_48.png,A,1
./catdog/CATS/cat_9_49.png,B,1
./catdog/CATS/cat_9_5.png,A,1
./catdog/CATS/cat_9_50.png,C,1
./catdog/CATS/cat_9_51.png,B,1
./catdog/CATS/cat_9_52.png,A,1
./catdog/CATS/cat_9_53.png,A,1
./catdog/CATS/cat_9_54.png,C,1
./catdog/CATS/cat_9_55.png,C,1
./catdog/CATS/cat_9_56.png,A,1
./catdog/CATS/cat_9_57.png,A,1
./catdog/CATS/cat_9_58.png,B,1
./catdog/CATS/cat_9_59.png,B,1
./catdog/CATS/cat_9_6.png,C,1
./catdog/CATS/cat_9_60.png,C,1
./catdog/CATS/cat_9_61.png,C,1
./catdog/CATS/cat_9_62.png,C,1
./catdog/CATS/cat_9_63.png,C,1
./catdog/CATS/cat_9_64.png,A,1
./catdog/CATS/cat_9_65.png,A,1
./catdog/CATS/cat_9_66.png,A,1
./catdog/CATS/cat_9_67.png,C,1
./catdog/CATS/cat_9_68.png,A,1
./catdog/CATS/cat_9_69.png,B,1
./catdog/CATS/cat_9_7.png,A,1
./catdog/CATS/cat_9_70.png,B,1
./catdog/CATS/cat_9_71.png,B,1
./catdog/CATS/cat_9_72.png,C,1
./catdog/CATS/cat_9_73.png,C,1
./catdog/CATS/cat_9_74.png,C,1
./catdog/CATS/cat_9_75.png,C,1
./catdog/CATS/cat_9_76.png,B,1
./catdog/CATS/cat_9_77.png,A,1
./catdog/CATS/cat_9_78.png,C,1
./catdog/CATS/cat_9_79.png,B,1
./catdog/CATS/cat_9_8.png,C,1
./catdog/CATS/cat_9_80.png,A,1
./catdog/CATS/cat_9_81.png,B,1
./catdog/CATS/cat_9_82.png,C,1
./catdog/CATS/cat_9_83.png,A,1
./catdog/CATS/cat_9_84.png,B,1
./catdog/CATS/cat_9_85.png,B,1
./catdog/CATS/cat_9_86.png,C,1
./catdog/CATS/cat_9_87.png,A,1
./catdog/CATS/cat_9_88.png,A,1
./catdog/CATS/cat_9_89.png,A,1
./catdog/CATS/cat_9_9.png,A,1
./catdog/CATS/cat_9_90.png,B,1
./catdog/CATS/cat_9_91.png,C,1
./catdog/CATS/cat_9_92.png,B,1
./catdog/CATS/cat_9_93.png,A,1
./catdog/CATS/cat_9_94.png,C,1
./catdog/CATS/cat_9_95.png,C,1
./catdog/CATS/cat_9_96.png,B,1
./catdog/CATS/cat_9_97.png,C,1
./catdog/CATS/cat_9_98.png,C,1
